cell,variant,source,sink,dir,delay,load
ADDF,XL,A,S,r,454,6395
ADDF,XL,A,S,f,497,4155
ADDF,XL,B,S,r,720,6364
ADDF,XL,B,S,f,589,4188
ADDF,XL,CI,S,r,209,6329
ADDF,XL,CI,S,f,153,4070
ADDF,XL,A,CO,r,484,6239
ADDF,XL,A,CO,f,522,3591
ADDF,XL,B,CO,r,555,6239
ADDF,XL,B,CO,f,758,3666
ADDF,XL,CI,CO,r,153,6272
ADDF,XL,CI,CO,f,211,3637
ADDF,X1,A,S,r,202,4529
ADDF,X1,A,S,f,271,2584
ADDF,X1,B,S,r,236,4535
ADDF,X1,B,S,f,308,2583
ADDF,X1,CI,S,r,159,4531
ADDF,X1,CI,S,f,141,2585
ADDF,X1,A,CO,r,247,4515
ADDF,X1,A,CO,f,244,2502
ADDF,X1,B,CO,r,284,4513
ADDF,X1,B,CO,f,263,2458
ADDF,X1,CI,CO,r,128,4527
ADDF,X1,CI,CO,f,168,2521
ADDF,X2,A,S,r,220,2253
ADDF,X2,A,S,f,300,1335
ADDF,X2,B,S,r,250,2256
ADDF,X2,B,S,f,337,1336
ADDF,X2,CI,S,r,186,2254
ADDF,X2,CI,S,f,168,1343
ADDF,X2,A,CO,r,275,2245
ADDF,X2,A,CO,f,272,1297
ADDF,X2,B,CO,r,312,2244
ADDF,X2,B,CO,f,286,1265
ADDF,X2,CI,CO,r,155,2251
ADDF,X2,CI,CO,f,196,1305
ADDF,X4,A,S,r,269,1117
ADDF,X4,A,S,f,362,688
ADDF,X4,B,S,r,289,1119
ADDF,X4,B,S,f,400,687
ADDF,X4,CI,S,r,249,1118
ADDF,X4,CI,S,f,226,698
ADDF,X4,A,CO,r,338,1110
ADDF,X4,A,CO,f,324,668
ADDF,X4,B,CO,r,374,1110
ADDF,X4,B,CO,f,330,641
ADDF,X4,CI,CO,r,217,1115
ADDF,X4,CI,CO,f,252,672
ADDFH,XL,A,S,r,322,6245
ADDFH,XL,A,S,f,313,3476
ADDFH,XL,B,S,r,229,6262
ADDFH,XL,B,S,f,293,3488
ADDFH,XL,CI,S,r,282,6252
ADDFH,XL,CI,S,f,249,3517
ADDFH,XL,A,CO,r,324,6251
ADDFH,XL,A,CO,f,324,3576
ADDFH,XL,B,CO,r,196,6272
ADDFH,XL,B,CO,f,311,3601
ADDFH,XL,CI,CO,r,130,6267
ADDFH,XL,CI,CO,f,208,3695
ADDFH,X1,A,S,r,217,4519
ADDFH,X1,A,S,f,245,2476
ADDFH,X1,B,S,r,159,4522
ADDFH,X1,B,S,f,193,2475
ADDFH,X1,CI,S,r,179,4522
ADDFH,X1,CI,S,f,177,2482
ADDFH,X1,A,CO,r,217,4520
ADDFH,X1,A,CO,f,242,2478
ADDFH,X1,B,CO,r,140,4517
ADDFH,X1,B,CO,f,182,2455
ADDFH,X1,CI,CO,r,101,4523
ADDFH,X1,CI,CO,f,145,2498
ADDFH,X2,A,S,r,221,2249
ADDFH,X2,A,S,f,240,1222
ADDFH,X2,B,S,r,147,2249
ADDFH,X2,B,S,f,179,1222
ADDFH,X2,CI,S,r,154,2250
ADDFH,X2,CI,S,f,150,1225
ADDFH,X2,A,CO,r,224,2249
ADDFH,X2,A,CO,f,242,1224
ADDFH,X2,B,CO,r,135,2249
ADDFH,X2,B,CO,f,173,1219
ADDFH,X2,CI,CO,r,87,2250
ADDFH,X2,CI,CO,f,128,1234
ADDFH,X4,A,S,r,236,1063
ADDFH,X4,A,S,f,266,671
ADDFH,X4,B,S,r,166,1064
ADDFH,X4,B,S,f,208,671
ADDFH,X4,CI,S,r,177,1064
ADDFH,X4,CI,S,f,182,673
ADDFH,X4,A,CO,r,238,1064
ADDFH,X4,A,CO,f,266,672
ADDFH,X4,B,CO,r,150,1063
ADDFH,X4,B,CO,f,196,667
ADDFH,X4,CI,CO,r,98,1064
ADDFH,X4,CI,CO,f,151,676
ADDH,XL,A,S,r,124,7069
ADDH,XL,A,S,f,129,3917
ADDH,XL,B,S,r,60,6981
ADDH,XL,B,S,f,76,3716
ADDH,XL,A,CO,r,70,6242
ADDH,XL,A,CO,f,91,3308
ADDH,XL,B,CO,r,68,6242
ADDH,XL,B,CO,f,83,3303
ADDH,X1,A,S,r,77,2756
ADDH,X1,A,S,f,81,1629
ADDH,X1,B,S,r,52,2732
ADDH,X1,B,S,f,70,1558
ADDH,X1,A,CO,r,81,4520
ADDH,X1,A,CO,f,117,2619
ADDH,X1,B,CO,r,81,4520
ADDH,X1,B,CO,f,111,2616
ADDH,X2,A,S,r,65,1348
ADDH,X2,A,S,f,73,803
ADDH,X2,B,S,r,49,1337
ADDH,X2,B,S,f,66,770
ADDH,X2,A,CO,r,74,2219
ADDH,X2,A,CO,f,102,1222
ADDH,X2,B,CO,r,72,2219
ADDH,X2,B,CO,f,96,1221
ADDH,X4,A,S,r,62,671
ADDH,X4,A,S,f,68,397
ADDH,X4,B,S,r,43,665
ADDH,X4,B,S,f,61,382
ADDH,X4,A,CO,r,68,1110
ADDH,X4,A,CO,f,97,612
ADDH,X4,B,CO,r,65,1110
ADDH,X4,B,CO,f,90,611
AND2,XL,A,Y,r,79,6250
AND2,XL,A,Y,f,92,3318
AND2,XL,B,Y,r,83,6247
AND2,XL,B,Y,f,101,3324
AND2,X1,A,Y,r,84,4523
AND2,X1,A,Y,f,112,2448
AND2,X1,B,Y,r,88,4521
AND2,X1,B,Y,f,123,2451
AND2,X2,A,Y,r,68,2261
AND2,X2,A,Y,f,90,1220
AND2,X2,B,Y,r,72,2261
AND2,X2,B,Y,f,99,1221
AND2,X4,A,Y,r,65,1034
AND2,X4,A,Y,f,100,737
AND2,X4,B,Y,r,69,1034
AND2,X4,B,Y,f,112,737
AND3,XL,A,Y,r,95,6260
AND3,XL,A,Y,f,111,3135
AND3,XL,B,Y,r,104,6258
AND3,XL,B,Y,f,122,3145
AND3,XL,C,Y,r,107,6259
AND3,XL,C,Y,f,134,3156
AND3,X1,A,Y,r,105,4530
AND3,X1,A,Y,f,129,2633
AND3,X1,B,Y,r,113,4530
AND3,X1,B,Y,f,140,2636
AND3,X1,C,Y,r,117,4530
AND3,X1,C,Y,f,151,2642
AND3,X2,A,Y,r,87,2242
AND3,X2,A,Y,f,109,1228
AND3,X2,B,Y,r,96,2241
AND3,X2,B,Y,f,120,1230
AND3,X2,C,Y,r,99,2242
AND3,X2,C,Y,f,131,1232
AND3,X4,A,Y,r,75,1141
AND3,X4,A,Y,f,94,608
AND3,X4,B,Y,r,84,1141
AND3,X4,B,Y,f,106,609
AND3,X4,C,Y,r,88,1141
AND3,X4,C,Y,f,117,610
AND4,XL,A,Y,r,102,6272
AND4,XL,A,Y,f,109,3353
AND4,XL,B,Y,r,114,6273
AND4,XL,B,Y,f,122,3364
AND4,XL,C,Y,r,121,6271
AND4,XL,C,Y,f,135,3376
AND4,XL,D,Y,r,125,6272
AND4,XL,D,Y,f,145,3393
AND4,X1,A,Y,r,120,4540
AND4,X1,A,Y,f,126,2463
AND4,X1,B,Y,r,131,4538
AND4,X1,B,Y,f,138,2467
AND4,X1,C,Y,r,138,4541
AND4,X1,C,Y,f,151,2473
AND4,X1,D,Y,r,142,4538
AND4,X1,D,Y,f,161,2480
AND4,X2,A,Y,r,97,2284
AND4,X2,A,Y,f,107,1217
AND4,X2,B,Y,r,108,2284
AND4,X2,B,Y,f,119,1219
AND4,X2,C,Y,r,114,2284
AND4,X2,C,Y,f,131,1222
AND4,X2,D,Y,r,117,2284
AND4,X2,D,Y,f,141,1225
AND4,X4,A,Y,r,87,1122
AND4,X4,A,Y,f,106,610
AND4,X4,B,Y,r,97,1122
AND4,X4,B,Y,f,120,611
AND4,X4,C,Y,r,104,1121
AND4,X4,C,Y,f,133,612
AND4,X4,D,Y,r,108,1122
AND4,X4,D,Y,f,146,614
AOI21,XL,A0,Y,r,65,9471
AOI21,XL,A0,Y,f,32,3945
AOI21,XL,A1,Y,r,77,9461
AOI21,XL,A1,Y,f,37,3947
AOI21,XL,B0,Y,r,50,9469
AOI21,XL,B0,Y,f,20,3248
AOI21,X1,A0,Y,r,58,6838
AOI21,X1,A0,Y,f,29,2729
AOI21,X1,A1,Y,r,70,6832
AOI21,X1,A1,Y,f,34,2730
AOI21,X1,B0,Y,r,51,6836
AOI21,X1,B0,Y,f,20,2405
AOI21,X2,A0,Y,r,55,3420
AOI21,X2,A0,Y,f,28,1365
AOI21,X2,A1,Y,r,67,3416
AOI21,X2,A1,Y,f,32,1365
AOI21,X2,B0,Y,r,47,3418
AOI21,X2,B0,Y,f,18,1196
AOI21,X4,A0,Y,r,50,1714
AOI21,X4,A0,Y,f,26,684
AOI21,X4,A1,Y,r,62,1712
AOI21,X4,A1,Y,f,30,684
AOI21,X4,B0,Y,r,45,1713
AOI21,X4,B0,Y,f,17,602
AOI211,XL,A0,Y,r,104,12248
AOI211,XL,A0,Y,f,40,3980
AOI211,XL,A1,Y,r,121,12234
AOI211,XL,A1,Y,f,45,3985
AOI211,XL,B0,Y,r,77,12249
AOI211,XL,B0,Y,f,24,3246
AOI211,XL,C0,Y,r,101,12237
AOI211,XL,C0,Y,f,30,3261
AOI211,X1,A0,Y,r,98,8497
AOI211,X1,A0,Y,f,39,2754
AOI211,X1,A1,Y,r,113,8491
AOI211,X1,A1,Y,f,44,2756
AOI211,X1,B0,Y,r,71,8496
AOI211,X1,B0,Y,f,24,2402
AOI211,X1,C0,Y,r,95,8495
AOI211,X1,C0,Y,f,30,2409
AOI211,X2,A0,Y,r,94,4269
AOI211,X2,A0,Y,f,38,1375
AOI211,X2,A1,Y,r,110,4265
AOI211,X2,A1,Y,f,42,1378
AOI211,X2,B0,Y,r,67,4269
AOI211,X2,B0,Y,f,22,1194
AOI211,X2,C0,Y,r,93,4267
AOI211,X2,C0,Y,f,29,1198
AOI211,X4,A0,Y,r,262,1109
AOI211,X4,A0,Y,f,162,606
AOI211,X4,A1,Y,r,281,1109
AOI211,X4,A1,Y,f,167,606
AOI211,X4,B0,Y,r,237,1109
AOI211,X4,B0,Y,f,135,606
AOI211,X4,C0,Y,r,262,1109
AOI211,X4,C0,Y,f,143,606
AOI22,XL,A0,Y,r,58,9473
AOI22,XL,A0,Y,f,25,3895
AOI22,XL,A1,Y,r,72,9466
AOI22,XL,A1,Y,f,30,3910
AOI22,XL,B0,Y,r,90,9469
AOI22,XL,B0,Y,f,43,3933
AOI22,XL,B1,Y,r,102,9458
AOI22,XL,B1,Y,f,48,3941
AOI22,X1,A0,Y,r,55,6726
AOI22,X1,A0,Y,f,23,2717
AOI22,X1,A1,Y,r,68,6722
AOI22,X1,A1,Y,f,28,2719
AOI22,X1,B0,Y,r,85,6725
AOI22,X1,B0,Y,f,41,2731
AOI22,X1,B1,Y,r,97,6720
AOI22,X1,B1,Y,f,46,2734
AOI22,X2,A0,Y,r,55,3419
AOI22,X2,A0,Y,f,22,1358
AOI22,X2,A1,Y,r,68,3417
AOI22,X2,A1,Y,f,27,1360
AOI22,X2,B0,Y,r,79,3418
AOI22,X2,B0,Y,f,38,1364
AOI22,X2,B1,Y,r,92,3417
AOI22,X2,B1,Y,f,42,1366
AOI22,X4,A0,Y,r,55,1697
AOI22,X4,A0,Y,f,22,681
AOI22,X4,A1,Y,r,65,1648
AOI22,X4,A1,Y,f,27,682
AOI22,X4,B0,Y,r,74,1648
AOI22,X4,B0,Y,f,37,683
AOI22,X4,B1,Y,r,86,1647
AOI22,X4,B1,Y,f,41,684
AOI221,XL,A0,Y,r,127,12018
AOI221,XL,A0,Y,f,45,3949
AOI221,XL,A1,Y,r,144,12004
AOI221,XL,A1,Y,f,49,3955
AOI221,XL,B0,Y,r,149,12019
AOI221,XL,B0,Y,f,50,4043
AOI221,XL,B1,Y,r,164,12004
AOI221,XL,B1,Y,f,54,4050
AOI221,XL,C0,Y,r,82,12012
AOI221,XL,C0,Y,f,25,3253
AOI221,X1,A0,Y,r,113,8621
AOI221,X1,A0,Y,f,39,2730
AOI221,X1,A1,Y,r,128,8614
AOI221,X1,A1,Y,f,43,2732
AOI221,X1,B0,Y,r,130,8623
AOI221,X1,B0,Y,f,46,2770
AOI221,X1,B1,Y,r,145,8614
AOI221,X1,B1,Y,f,50,2774
AOI221,X1,C0,Y,r,85,8620
AOI221,X1,C0,Y,f,25,2405
AOI221,X2,A0,Y,r,104,4311
AOI221,X2,A0,Y,f,35,1366
AOI221,X2,A1,Y,r,119,4307
AOI221,X2,A1,Y,f,40,1367
AOI221,X2,B0,Y,r,121,4311
AOI221,X2,B0,Y,f,41,1387
AOI221,X2,B1,Y,r,137,4308
AOI221,X2,B1,Y,f,46,1388
AOI221,X2,C0,Y,r,75,4309
AOI221,X2,C0,Y,f,22,1196
AOI221,X4,A0,Y,r,284,1138
AOI221,X4,A0,Y,f,164,606
AOI221,X4,A1,Y,r,302,1139
AOI221,X4,A1,Y,f,169,605
AOI221,X4,B0,Y,r,306,1138
AOI221,X4,B0,Y,f,173,606
AOI221,X4,B1,Y,r,324,1139
AOI221,X4,B1,Y,f,178,606
AOI221,X4,C0,Y,r,241,1139
AOI221,X4,C0,Y,f,136,605
AOI222,XL,A0,Y,r,91,12500
AOI222,XL,A0,Y,f,32,3906
AOI222,XL,A1,Y,r,108,12490
AOI222,XL,A1,Y,f,37,3921
AOI222,XL,B0,Y,r,177,12498
AOI222,XL,B0,Y,f,57,3948
AOI222,XL,B1,Y,r,196,12490
AOI222,XL,B1,Y,f,63,3956
AOI222,XL,C0,Y,r,201,12495
AOI222,XL,C0,Y,f,68,4030
AOI222,XL,C1,Y,r,217,12484
AOI222,XL,C1,Y,f,74,4024
AOI222,X1,A0,Y,r,91,8646
AOI222,X1,A0,Y,f,30,2715
AOI222,X1,A1,Y,r,108,8641
AOI222,X1,A1,Y,f,35,2724
AOI222,X1,B0,Y,r,153,8645
AOI222,X1,B0,Y,f,49,2729
AOI222,X1,B1,Y,r,169,8638
AOI222,X1,B1,Y,f,54,2733
AOI222,X1,C0,Y,r,171,8644
AOI222,X1,C0,Y,f,61,2766
AOI222,X1,C1,Y,r,186,8638
AOI222,X1,C1,Y,f,67,2765
AOI222,X2,A0,Y,r,86,4311
AOI222,X2,A0,Y,f,28,1358
AOI222,X2,A1,Y,r,102,4309
AOI222,X2,A1,Y,f,33,1361
AOI222,X2,B0,Y,r,139,4310
AOI222,X2,B0,Y,f,45,1364
AOI222,X2,B1,Y,r,154,4307
AOI222,X2,B1,Y,f,50,1366
AOI222,X2,C0,Y,r,157,4311
AOI222,X2,C0,Y,f,57,1383
AOI222,X2,C1,Y,r,172,4307
AOI222,X2,C1,Y,f,63,1382
AOI222,X4,A0,Y,r,237,1130
AOI222,X4,A0,Y,f,155,610
AOI222,X4,A1,Y,r,256,1130
AOI222,X4,A1,Y,f,159,610
AOI222,X4,B0,Y,r,328,1130
AOI222,X4,B0,Y,f,181,610
AOI222,X4,B1,Y,r,346,1130
AOI222,X4,B1,Y,f,187,610
AOI222,X4,C0,Y,r,350,1130
AOI222,X4,C0,Y,f,194,610
AOI222,X4,C1,Y,r,367,1131
AOI222,X4,C1,Y,f,200,610
AOI2BB1,XL,A0N,Y,r,79,9482
AOI2BB1,XL,A0N,Y,f,135,3187
AOI2BB1,XL,A1N,Y,r,84,9483
AOI2BB1,XL,A1N,Y,f,145,3188
AOI2BB1,XL,B0,Y,r,50,9460
AOI2BB1,XL,B0,Y,f,21,3041
AOI2BB1,X1,A0N,Y,r,80,6838
AOI2BB1,X1,A0N,Y,f,154,2566
AOI2BB1,X1,A1N,Y,r,83,6838
AOI2BB1,X1,A1N,Y,f,166,2566
AOI2BB1,X1,B0,Y,r,48,6828
AOI2BB1,X1,B0,Y,f,23,2494
AOI2BB1,X2,A0N,Y,r,72,3363
AOI2BB1,X2,A0N,Y,f,130,1229
AOI2BB1,X2,A1N,Y,r,78,3364
AOI2BB1,X2,A1N,Y,f,141,1229
AOI2BB1,X2,B0,Y,r,42,3361
AOI2BB1,X2,B0,Y,f,20,1199
AOI2BB1,X4,A0N,Y,r,69,1649
AOI2BB1,X4,A0N,Y,f,126,613
AOI2BB1,X4,A1N,Y,r,75,1649
AOI2BB1,X4,A1N,Y,f,135,613
AOI2BB1,X4,B0,Y,r,40,1647
AOI2BB1,X4,B0,Y,f,20,600
AOI2BB2,XL,A0N,Y,r,74,7061
AOI2BB2,XL,A0N,Y,f,143,3410
AOI2BB2,XL,A1N,Y,r,78,7059
AOI2BB2,XL,A1N,Y,f,152,3410
AOI2BB2,XL,B0,Y,r,64,9473
AOI2BB2,XL,B0,Y,f,32,3933
AOI2BB2,XL,B1,Y,r,77,9460
AOI2BB2,XL,B1,Y,f,37,3935
AOI2BB2,X1,A0N,Y,r,71,5134
AOI2BB2,X1,A0N,Y,f,148,2475
AOI2BB2,X1,A1N,Y,r,76,5136
AOI2BB2,X1,A1N,Y,f,157,2475
AOI2BB2,X1,B0,Y,r,61,6892
AOI2BB2,X1,B0,Y,f,30,2729
AOI2BB2,X1,B1,Y,r,74,6888
AOI2BB2,X1,B1,Y,f,34,2731
AOI2BB2,X2,A0N,Y,r,70,2547
AOI2BB2,X2,A0N,Y,f,133,1268
AOI2BB2,X2,A1N,Y,r,76,2547
AOI2BB2,X2,A1N,Y,f,142,1267
AOI2BB2,X2,B0,Y,r,53,3419
AOI2BB2,X2,B0,Y,f,26,1363
AOI2BB2,X2,B1,Y,r,66,3415
AOI2BB2,X2,B1,Y,f,31,1364
AOI2BB2,X4,A0N,Y,r,65,1229
AOI2BB2,X4,A0N,Y,f,120,610
AOI2BB2,X4,A1N,Y,r,72,1229
AOI2BB2,X4,A1N,Y,f,130,610
AOI2BB2,X4,B0,Y,r,51,1648
AOI2BB2,X4,B0,Y,f,26,684
AOI2BB2,X4,B1,Y,r,62,1647
AOI2BB2,X4,B1,Y,f,31,684
AOI31,XL,A0,Y,r,66,9474
AOI31,XL,A0,Y,f,36,4442
AOI31,XL,A1,Y,r,82,9466
AOI31,XL,A1,Y,f,43,4444
AOI31,XL,A2,Y,r,96,9468
AOI31,XL,A2,Y,f,46,4444
AOI31,XL,B0,Y,r,71,9475
AOI31,XL,B0,Y,f,20,3264
AOI31,X1,A0,Y,r,63,6727
AOI31,X1,A0,Y,f,33,3025
AOI31,X1,A1,Y,r,79,6723
AOI31,X1,A1,Y,f,41,3026
AOI31,X1,A2,Y,r,92,6723
AOI31,X1,A2,Y,f,43,3026
AOI31,X1,B0,Y,r,71,6729
AOI31,X1,B0,Y,f,21,2413
AOI31,X2,A0,Y,r,64,3421
AOI31,X2,A0,Y,f,33,1515
AOI31,X2,A1,Y,r,79,3418
AOI31,X2,A1,Y,f,39,1516
AOI31,X2,A2,Y,r,93,3419
AOI31,X2,A2,Y,f,42,1516
AOI31,X2,B0,Y,r,66,3421
AOI31,X2,B0,Y,f,19,1200
AOI31,X4,A0,Y,r,199,1109
AOI31,X4,A0,Y,f,160,610
AOI31,X4,A1,Y,r,216,1109
AOI31,X4,A1,Y,f,168,610
AOI31,X4,A2,Y,r,232,1109
AOI31,X4,A2,Y,f,171,610
AOI31,X4,B0,Y,r,209,1108
AOI31,X4,B0,Y,f,133,609
AOI32,XL,A0,Y,r,95,9475
AOI32,XL,A0,Y,f,50,4443
AOI32,XL,A1,Y,r,111,9462
AOI32,XL,A1,Y,f,58,4450
AOI32,XL,A2,Y,r,125,9468
AOI32,XL,A2,Y,f,61,4451
AOI32,XL,B0,Y,r,77,9482
AOI32,XL,B0,Y,f,26,3912
AOI32,XL,B1,Y,r,90,9474
AOI32,XL,B1,Y,f,31,3928
AOI32,X1,A0,Y,r,90,6727
AOI32,X1,A0,Y,f,46,3026
AOI32,X1,A1,Y,r,105,6721
AOI32,X1,A1,Y,f,53,3030
AOI32,X1,A2,Y,r,119,6722
AOI32,X1,A2,Y,f,56,3030
AOI32,X1,B0,Y,r,74,6731
AOI32,X1,B0,Y,f,24,2725
AOI32,X1,B1,Y,r,87,6726
AOI32,X1,B1,Y,f,29,2729
AOI32,X2,A0,Y,r,89,3434
AOI32,X2,A0,Y,f,45,1513
AOI32,X2,A1,Y,r,104,3432
AOI32,X2,A1,Y,f,52,1515
AOI32,X2,A2,Y,r,119,3432
AOI32,X2,A2,Y,f,55,1515
AOI32,X2,B0,Y,r,74,3435
AOI32,X2,B0,Y,f,23,1363
AOI32,X2,B1,Y,r,87,3433
AOI32,X2,B1,Y,f,28,1364
AOI32,X4,A0,Y,r,227,1109
AOI32,X4,A0,Y,f,174,606
AOI32,X4,A1,Y,r,245,1109
AOI32,X4,A1,Y,f,183,606
AOI32,X4,A2,Y,r,260,1109
AOI32,X4,A2,Y,f,186,606
AOI32,X4,B0,Y,r,210,1108
AOI32,X4,B0,Y,f,149,606
AOI32,X4,B1,Y,r,224,1109
AOI32,X4,B1,Y,f,152,606
AOI33,XL,A0,Y,r,91,9480
AOI33,XL,A0,Y,f,34,4422
AOI33,XL,A1,Y,r,106,9472
AOI33,XL,A1,Y,f,42,4434
AOI33,XL,A2,Y,r,121,9476
AOI33,XL,A2,Y,f,45,4435
AOI33,XL,B0,Y,r,126,9478
AOI33,XL,B0,Y,f,62,4442
AOI33,XL,B1,Y,r,141,9467
AOI33,XL,B1,Y,f,71,4442
AOI33,XL,B2,Y,r,155,9473
AOI33,XL,B2,Y,f,74,4442
AOI33,X1,A0,Y,r,88,6731
AOI33,X1,A0,Y,f,32,3018
AOI33,X1,A1,Y,r,104,6726
AOI33,X1,A1,Y,f,39,3024
AOI33,X1,A2,Y,r,118,6726
AOI33,X1,A2,Y,f,42,3024
AOI33,X1,B0,Y,r,122,6728
AOI33,X1,B0,Y,f,59,3023
AOI33,X1,B1,Y,r,136,6726
AOI33,X1,B1,Y,f,66,3027
AOI33,X1,B2,Y,r,150,6726
AOI33,X1,B2,Y,f,69,3027
AOI33,X2,A0,Y,r,83,3437
AOI33,X2,A0,Y,f,29,1542
AOI33,X2,A1,Y,r,98,3435
AOI33,X2,A1,Y,f,36,1545
AOI33,X2,A2,Y,r,114,3433
AOI33,X2,A2,Y,f,40,1544
AOI33,X2,B0,Y,r,120,3436
AOI33,X2,B0,Y,f,59,1545
AOI33,X2,B1,Y,r,135,3433
AOI33,X2,B1,Y,f,66,1547
AOI33,X2,B2,Y,r,150,3433
AOI33,X2,B2,Y,f,70,1547
AOI33,X4,A0,Y,r,229,1109
AOI33,X4,A0,Y,f,172,610
AOI33,X4,A1,Y,r,246,1109
AOI33,X4,A1,Y,f,178,610
AOI33,X4,A2,Y,r,263,1109
AOI33,X4,A2,Y,f,182,610
AOI33,X4,B0,Y,r,268,1109
AOI33,X4,B0,Y,f,196,610
AOI33,X4,B1,Y,r,285,1109
AOI33,X4,B1,Y,f,204,610
AOI33,X4,B2,Y,r,300,1109
AOI33,X4,B2,Y,f,207,610
BUF,XL,A,Y,r,52,6232
BUF,XL,A,Y,f,74,3294
BUF,X1,A,Y,r,55,4514
BUF,X1,A,Y,f,84,2430
BUF,X2,A,Y,r,58,2248
BUF,X2,A,Y,f,83,1209
BUF,X3,A,Y,r,56,1497
BUF,X3,A,Y,f,82,809
BUF,X4,A,Y,r,53,1124
BUF,X4,A,Y,f,77,605
BUF,X8,A,Y,r,49,554
BUF,X8,A,Y,f,74,304
BUF,X12,A,Y,r,50,370
BUF,X12,A,Y,f,74,203
BUF,X16,A,Y,r,50,277
BUF,X16,A,Y,f,73,151
BUF,X20,A,Y,r,49,222
BUF,X20,A,Y,f,71,122
CLKBUF,XL,A,Y,r,50,4083
CLKBUF,XL,A,Y,f,106,4225
CLKBUF,X1,A,Y,r,56,4160
CLKBUF,X1,A,Y,f,59,4176
CLKBUF,X2,A,Y,r,64,2247
CLKBUF,X2,A,Y,f,79,2260
CLKBUF,X3,A,Y,r,71,1549
CLKBUF,X3,A,Y,f,86,1403
CLKBUF,X4,A,Y,r,73,1125
CLKBUF,X4,A,Y,f,84,1065
CLKBUF,X8,A,Y,r,67,555
CLKBUF,X8,A,Y,f,79,502
CLKBUF,X12,A,Y,r,65,222
CLKBUF,X12,A,Y,f,75,203
CLKBUF,X16,A,Y,r,69,171
CLKBUF,X16,A,Y,f,78,156
CLKBUF,X20,A,Y,r,64,139
CLKBUF,X20,A,Y,f,73,121
CLKINV,XL,A,Y,r,24,5723
CLKINV,XL,A,Y,f,20,4367
CLKINV,X1,A,Y,r,22,4509
CLKINV,X1,A,Y,f,19,3649
CLKINV,X2,A,Y,r,17,2254
CLKINV,X2,A,Y,f,17,2251
CLKINV,X3,A,Y,r,16,1504
CLKINV,X3,A,Y,f,15,1394
CLKINV,X4,A,Y,r,15,1116
CLKINV,X4,A,Y,f,15,1059
CLKINV,X8,A,Y,r,17,518
CLKINV,X8,A,Y,f,17,627
CLKINV,X12,A,Y,r,144,209
CLKINV,X12,A,Y,f,137,240
CLKINV,X16,A,Y,r,142,157
CLKINV,X16,A,Y,f,148,180
CLKINV,X20,A,Y,r,139,126
CLKINV,X20,A,Y,f,143,144
DFF,XL,CK,Q,r,219,5696
DFF,XL,CK,Q,f,179,3406
DFF,XL,CK,QN,r,238,6239
DFF,XL,CK,QN,f,304,3342
DFF,X1,CK,Q,r,197,4288
DFF,X1,CK,Q,f,166,2469
DFF,X1,CK,QN,r,221,4518
DFF,X1,CK,QN,f,280,2444
DFF,X2,CK,Q,r,180,2261
DFF,X2,CK,Q,f,153,1234
DFF,X2,CK,QN,r,196,2259
DFF,X2,CK,QN,f,251,1219
DFF,X4,CK,Q,r,155,1139
DFF,X4,CK,Q,f,132,611
DFF,X4,CK,QN,r,179,1138
DFF,X4,CK,QN,f,219,605
DFFHQ,XL,CK,Q,r,204,6246
DFFHQ,XL,CK,Q,f,206,3517
DFFHQ,X1,CK,Q,r,170,4283
DFFHQ,X1,CK,Q,f,161,2593
DFFHQ,X2,CK,Q,r,166,2261
DFFHQ,X2,CK,Q,f,156,1297
DFFHQ,X4,CK,Q,r,144,1118
DFFHQ,X4,CK,Q,f,133,611
DFFN,XL,CKN,Q,r,183,5709
DFFN,XL,CKN,Q,f,305,3420
DFFN,XL,CKN,QN,r,358,6243
DFFN,XL,CKN,QN,f,263,3334
DFFN,X1,CKN,Q,r,143,4289
DFFN,X1,CKN,Q,f,261,2552
DFFN,X1,CKN,QN,r,315,4519
DFFN,X1,CKN,QN,f,226,2444
DFFN,X2,CKN,Q,r,128,2263
DFFN,X2,CKN,Q,f,240,1276
DFFN,X2,CKN,QN,r,283,2259
DFFN,X2,CKN,QN,f,199,1219
DFFN,X4,CKN,Q,r,108,1190
DFFN,X4,CKN,Q,f,202,621
DFFN,X4,CKN,QN,r,253,1189
DFFN,X4,CKN,QN,f,176,615
DFFNR,XL,CKN,Q,r,360,6237
DFFNR,XL,CKN,Q,f,418,3301
DFFNR,XL,RN,Q,f,238,3301
DFFNR,XL,CKN,QN,r,368,6239
DFFNR,XL,CKN,QN,f,332,3519
DFFNR,XL,RN,QN,r,187,6245
DFFNR,X1,CKN,Q,r,319,4515
DFFNR,X1,CKN,Q,f,413,2433
DFFNR,X1,RN,Q,f,242,2434
DFFNR,X1,CKN,QN,r,349,4517
DFFNR,X1,CKN,QN,f,284,2491
DFFNR,X1,RN,QN,r,178,4518
DFFNR,X2,CKN,Q,r,323,2077
DFFNR,X2,CKN,Q,f,435,1442
DFFNR,X2,RN,Q,f,240,1442
DFFNR,X2,CKN,QN,r,357,2079
DFFNR,X2,CKN,QN,f,275,1463
DFFNR,X2,RN,QN,r,162,2080
DFFNR,X4,CKN,Q,r,281,1137
DFFNR,X4,CKN,Q,f,368,615
DFFNR,X4,RN,Q,f,208,615
DFFNR,X4,CKN,QN,r,300,1138
DFFNR,X4,CKN,QN,f,230,625
DFFNR,X4,RN,QN,r,141,1139
DFFNS,XL,CKN,Q,r,289,6240
DFFNS,XL,CKN,Q,f,397,3298
DFFNS,XL,SN,Q,r,157,6240
DFFNS,XL,CKN,QN,r,350,6255
DFFNS,XL,CKN,QN,f,260,3363
DFFNS,XL,SN,QN,f,127,3343
DFFNS,X1,CKN,Q,r,266,4516
DFFNS,X1,CKN,Q,f,389,2430
DFFNS,X1,SN,Q,r,146,4518
DFFNS,X1,CKN,QN,r,328,4522
DFFNS,X1,CKN,QN,f,230,2441
DFFNS,X1,SN,QN,f,110,2439
DFFNS,X2,CKN,Q,r,266,2277
DFFNS,X2,CKN,Q,f,376,1211
DFFNS,X2,SN,Q,r,152,2276
DFFNS,X2,CKN,QN,r,307,2280
DFFNS,X2,CKN,QN,f,216,1214
DFFNS,X2,SN,QN,f,101,1216
DFFNS,X4,CKN,Q,r,253,1137
DFFNS,X4,CKN,Q,f,362,606
DFFNS,X4,SN,Q,r,142,1137
DFFNS,X4,CKN,QN,r,295,1139
DFFNS,X4,CKN,QN,f,204,608
DFFNS,X4,SN,QN,f,93,610
DFFNSR,XL,CKN,Q,r,364,6238
DFFNSR,XL,CKN,Q,f,428,3093
DFFNSR,XL,SN,Q,r,183,6237
DFFNSR,XL,SN,Q,f,186,3093
DFFNSR,XL,RN,Q,f,271,3094
DFFNSR,XL,CKN,QN,r,369,6260
DFFNSR,XL,CKN,QN,f,329,3581
DFFNSR,XL,SN,QN,r,127,6278
DFFNSR,XL,SN,QN,f,145,3387
DFFNSR,XL,RN,QN,r,212,6279
DFFNSR,X1,CKN,Q,r,328,4515
DFFNSR,X1,CKN,Q,f,422,2436
DFFNSR,X1,SN,Q,r,171,4515
DFFNSR,X1,SN,Q,f,178,2436
DFFNSR,X1,RN,Q,f,265,2436
DFFNSR,X1,CKN,QN,r,352,4522
DFFNSR,X1,CKN,QN,f,290,2501
DFFNSR,X1,SN,QN,r,109,4533
DFFNSR,X1,SN,QN,f,130,2455
DFFNSR,X1,RN,QN,r,196,4531
DFFNSR,X2,CKN,Q,r,310,2276
DFFNSR,X2,CKN,Q,f,392,1212
DFFNSR,X2,SN,Q,r,167,2276
DFFNSR,X2,SN,Q,f,161,1211
DFFNSR,X2,RN,Q,f,232,1211
DFFNSR,X2,CKN,QN,r,323,2279
DFFNSR,X2,CKN,QN,f,256,1234
DFFNSR,X2,SN,QN,r,93,2284
DFFNSR,X2,SN,QN,f,113,1221
DFFNSR,X2,RN,QN,r,164,2284
DFFNSR,X4,CKN,Q,r,292,1137
DFFNSR,X4,CKN,Q,f,371,610
DFFNSR,X4,SN,Q,r,156,1137
DFFNSR,X4,SN,Q,f,155,610
DFFNSR,X4,RN,Q,f,222,610
DFFNSR,X4,CKN,QN,r,303,1140
DFFNSR,X4,CKN,QN,f,244,624
DFFNSR,X4,SN,QN,r,88,1142
DFFNSR,X4,SN,QN,f,109,619
DFFNSR,X4,RN,QN,r,154,1142
DFFR,XL,CK,Q,r,406,6238
DFFR,XL,CK,Q,f,283,3300
DFFR,XL,RN,Q,f,237,3301
DFFR,XL,CK,QN,r,232,6240
DFFR,XL,CK,QN,f,378,3519
DFFR,XL,RN,QN,r,186,6244
DFFR,X1,CK,Q,r,379,4515
DFFR,X1,CK,Q,f,312,2434
DFFR,X1,RN,Q,f,242,2434
DFFR,X1,CK,QN,r,247,4519
DFFR,X1,CK,QN,f,344,2492
DFFR,X1,RN,QN,r,179,4518
DFFR,X2,CK,Q,r,390,2077
DFFR,X2,CK,Q,f,307,1387
DFFR,X2,RN,Q,f,239,1386
DFFR,X2,CK,QN,r,230,2078
DFFR,X2,CK,QN,f,341,1408
DFFR,X2,RN,QN,r,163,2079
DFFR,X4,CK,Q,r,335,1137
DFFR,X4,CK,Q,f,271,615
DFFR,X4,RN,Q,f,208,615
DFFR,X4,CK,QN,r,202,1138
DFFR,X4,CK,QN,f,284,625
DFFR,X4,RN,QN,r,140,1139
DFFRHQ,XL,CK,Q,r,233,9482
DFFRHQ,XL,CK,Q,f,247,3620
DFFRHQ,XL,RN,Q,f,171,2887
DFFRHQ,X1,CK,Q,r,192,6727
DFFRHQ,X1,CK,Q,f,173,2468
DFFRHQ,X1,RN,Q,f,137,1947
DFFRHQ,X2,CK,Q,r,168,3364
DFFRHQ,X2,CK,Q,f,150,1225
DFFRHQ,X2,RN,Q,f,117,1081
DFFRHQ,X4,CK,Q,r,155,1832
DFFRHQ,X4,CK,Q,f,137,676
DFFRHQ,X4,RN,Q,f,97,645
DFFS,XL,CK,Q,r,333,6241
DFFS,XL,CK,Q,f,274,3301
DFFS,XL,SN,Q,r,156,6243
DFFS,XL,CK,QN,r,227,6254
DFFS,XL,CK,QN,f,304,3364
DFFS,XL,SN,QN,f,127,3345
DFFS,X1,CK,Q,r,307,4518
DFFS,X1,CK,Q,f,284,2432
DFFS,X1,SN,Q,r,141,4516
DFFS,X1,CK,QN,r,226,4718
DFFS,X1,CK,QN,f,274,2611
DFFS,X1,SN,QN,f,108,2609
DFFS,X2,CK,Q,r,322,2194
DFFS,X2,CK,Q,f,287,1210
DFFS,X2,SN,Q,r,153,2193
DFFS,X2,CK,QN,r,216,2197
DFFS,X2,CK,QN,f,271,1214
DFFS,X2,SN,QN,f,103,1217
DFFS,X4,CK,Q,r,304,1097
DFFS,X4,CK,Q,f,266,606
DFFS,X4,SN,Q,r,142,1097
DFFS,X4,CK,QN,r,198,1099
DFFS,X4,CK,QN,f,256,608
DFFS,X4,SN,QN,f,94,610
DFFSHQ,XL,CK,Q,r,224,6271
DFFSHQ,XL,CK,Q,f,237,4218
DFFSHQ,XL,SN,Q,r,72,3455
DFFSHQ,X1,CK,Q,r,191,4522
DFFSHQ,X1,CK,Q,f,171,2773
DFFSHQ,X1,SN,Q,r,81,2426
DFFSHQ,X2,CK,Q,r,171,2251
DFFSHQ,X2,CK,Q,f,148,1383
DFFSHQ,X2,SN,Q,r,82,1251
DFFSHQ,X4,CK,Q,r,154,1125
DFFSHQ,X4,CK,Q,f,135,690
DFFSHQ,X4,SN,Q,r,87,665
DFFSR,XL,CK,Q,r,401,6236
DFFSR,XL,CK,Q,f,307,3310
DFFSR,XL,SN,Q,r,181,6233
DFFSR,XL,SN,Q,f,184,3311
DFFSR,XL,RN,Q,f,276,3311
DFFSR,XL,CK,QN,r,248,6258
DFFSR,XL,CK,QN,f,368,3576
DFFSR,XL,SN,QN,r,126,6278
DFFSR,XL,SN,QN,f,144,3386
DFFSR,XL,RN,QN,r,218,6275
DFFSR,X1,CK,Q,r,370,4515
DFFSR,X1,CK,Q,f,319,2436
DFFSR,X1,SN,Q,r,171,4515
DFFSR,X1,SN,Q,f,179,2437
DFFSR,X1,RN,Q,f,263,2437
DFFSR,X1,CK,QN,r,248,4525
DFFSR,X1,CK,QN,f,332,2501
DFFSR,X1,SN,QN,r,108,4531
DFFSR,X1,SN,QN,f,130,2455
DFFSR,X1,RN,QN,r,192,4532
DFFSR,X2,CK,Q,r,354,2276
DFFSR,X2,CK,Q,f,288,1211
DFFSR,X2,SN,Q,r,167,2276
DFFSR,X2,SN,Q,f,161,1211
DFFSR,X2,RN,Q,f,232,1211
DFFSR,X2,CK,QN,r,218,2279
DFFSR,X2,CK,QN,f,299,1233
DFFSR,X2,SN,QN,r,92,2285
DFFSR,X2,SN,QN,f,112,1221
DFFSR,X2,RN,QN,r,163,2284
DFFSR,X4,CK,Q,r,339,1137
DFFSR,X4,CK,Q,f,276,610
DFFSR,X4,SN,Q,r,156,1137
DFFSR,X4,SN,Q,f,155,610
DFFSR,X4,RN,Q,f,222,610
DFFSR,X4,CK,QN,r,207,1139
DFFSR,X4,CK,QN,f,291,624
DFFSR,X4,SN,QN,r,88,1142
DFFSR,X4,SN,QN,f,109,619
DFFSR,X4,RN,QN,r,155,1142
DFFSRHQ,XL,CK,Q,r,240,9490
DFFSRHQ,XL,CK,Q,f,241,4187
DFFSRHQ,XL,SN,Q,r,77,4001
DFFSRHQ,XL,SN,Q,f,50,3731
DFFSRHQ,XL,RN,Q,f,178,3768
DFFSRHQ,X1,CK,Q,r,198,6732
DFFSRHQ,X1,CK,Q,f,165,2761
DFFSRHQ,X1,SN,Q,r,83,2834
DFFSRHQ,X1,SN,Q,f,52,2480
DFFSRHQ,X1,RN,Q,f,131,2481
DFFSRHQ,X2,CK,Q,r,184,3366
DFFSRHQ,X2,CK,Q,f,154,1396
DFFSRHQ,X2,SN,Q,r,88,1452
DFFSRHQ,X2,SN,Q,f,46,1332
DFFSRHQ,X2,RN,Q,f,113,1332
DFFSRHQ,X4,CK,Q,r,169,1683
DFFSRHQ,X4,CK,Q,f,141,694
DFFSRHQ,X4,SN,Q,r,91,773
DFFSRHQ,X4,SN,Q,f,38,692
DFFSRHQ,X4,RN,Q,f,99,692
DFFTR,XL,CK,Q,r,217,6245
DFFTR,XL,CK,Q,f,174,3396
DFFTR,XL,CK,QN,r,218,6246
DFFTR,XL,CK,QN,f,285,3330
DFFTR,X1,CK,Q,r,198,4520
DFFTR,X1,CK,Q,f,159,2461
DFFTR,X1,CK,QN,r,206,4519
DFFTR,X1,CK,QN,f,270,2440
DFFTR,X2,CK,Q,r,193,2250
DFFTR,X2,CK,Q,f,147,1226
DFFTR,X2,CK,QN,r,204,2249
DFFTR,X2,CK,QN,f,269,1213
DFFTR,X4,CK,Q,r,156,1125
DFFTR,X4,CK,Q,f,133,612
DFFTR,X4,CK,QN,r,181,1124
DFFTR,X4,CK,QN,f,223,606
DLY1,X1,A,Y,r,135,4518
DLY1,X1,A,Y,f,162,2435
DLY2,X1,A,Y,r,283,4527
DLY2,X1,A,Y,f,311,2515
DLY3,X1,A,Y,r,476,4541
DLY3,X1,A,Y,f,469,2628
DLY4,X1,A,Y,r,708,4564
DLY4,X1,A,Y,f,648,2771
EDFF,XL,CK,Q,r,231,6242
EDFF,XL,CK,Q,f,182,3396
EDFF,XL,CK,QN,r,257,6249
EDFF,XL,CK,QN,f,340,3427
EDFF,X1,CK,Q,r,205,5051
EDFF,X1,CK,Q,f,160,2717
EDFF,X1,CK,QN,r,221,4522
EDFF,X1,CK,QN,f,293,2456
EDFF,X2,CK,Q,r,180,2246
EDFF,X2,CK,Q,f,147,1262
EDFF,X2,CK,QN,r,207,2246
EDFF,X2,CK,QN,f,264,1256
EDFF,X4,CK,Q,r,159,1138
EDFF,X4,CK,Q,f,135,616
EDFF,X4,CK,QN,r,187,1138
EDFF,X4,CK,QN,f,233,611
EDFFTR,XL,CK,Q,r,236,6254
EDFFTR,XL,CK,Q,f,190,3205
EDFFTR,XL,CK,QN,r,275,6253
EDFFTR,XL,CK,QN,f,345,3422
EDFFTR,X1,CK,Q,r,210,4522
EDFFTR,X1,CK,Q,f,170,2467
EDFFTR,X1,CK,QN,r,238,4523
EDFFTR,X1,CK,QN,f,305,2459
EDFFTR,X2,CK,Q,r,190,2251
EDFFTR,X2,CK,Q,f,150,1224
EDFFTR,X2,CK,QN,r,210,2232
EDFFTR,X2,CK,QN,f,272,1217
EDFFTR,X4,CK,Q,r,168,1138
EDFFTR,X4,CK,Q,f,134,616
EDFFTR,X4,CK,QN,r,188,1137
EDFFTR,X4,CK,QN,f,243,612
INV,XL,A,Y,r,23,6229
INV,XL,A,Y,f,15,3237
INV,X1,A,Y,r,23,4512
INV,X1,A,Y,f,14,2401
INV,X2,A,Y,r,20,2256
INV,X2,A,Y,f,12,1195
INV,X3,A,Y,r,22,1507
INV,X3,A,Y,f,13,798
INV,X4,A,Y,r,18,1137
INV,X4,A,Y,f,11,598
INV,X8,A,Y,r,18,519
INV,X8,A,Y,f,12,356
INV,X12,A,Y,r,122,346
INV,X12,A,Y,f,119,240
INV,X16,A,Y,r,119,260
INV,X16,A,Y,f,113,180
INV,X20,A,Y,r,117,208
INV,X20,A,Y,f,110,144
JKFF,XL,CK,Q,r,259,6261
JKFF,XL,CK,Q,f,342,3460
JKFF,XL,CK,QN,r,220,6246
JKFF,XL,CK,QN,f,171,3395
JKFF,X1,CK,Q,r,219,4522
JKFF,X1,CK,Q,f,293,2463
JKFF,X1,CK,QN,r,196,4936
JKFF,X1,CK,QN,f,153,2884
JKFF,X2,CK,Q,r,218,2218
JKFF,X2,CK,Q,f,278,1216
JKFF,X2,CK,QN,r,197,2219
JKFF,X2,CK,QN,f,158,1227
JKFF,X4,CK,Q,r,190,1040
JKFF,X4,CK,Q,f,248,722
JKFF,X4,CK,QN,r,170,1040
JKFF,X4,CK,QN,f,138,726
JKFFR,XL,CK,Q,r,462,6254
JKFFR,XL,CK,Q,f,356,3465
JKFFR,XL,RN,Q,f,318,3459
JKFFR,XL,CK,QN,r,222,6237
JKFFR,XL,CK,QN,f,361,3512
JKFFR,XL,RN,QN,r,180,6238
JKFFR,X1,CK,Q,r,421,4523
JKFFR,X1,CK,Q,f,361,2487
JKFFR,X1,RN,Q,f,299,2484
JKFFR,X1,CK,QN,r,234,4515
JKFFR,X1,CK,QN,f,332,2608
JKFFR,X1,RN,QN,r,169,4517
JKFFR,X2,CK,Q,r,398,2219
JKFFR,X2,CK,Q,f,326,1241
JKFFR,X2,RN,Q,f,263,1240
JKFFR,X2,CK,QN,r,225,2219
JKFFR,X2,CK,QN,f,321,1255
JKFFR,X2,RN,QN,r,160,2220
JKFFR,X4,CK,Q,r,341,1110
JKFFR,X4,CK,Q,f,280,603
JKFFR,X4,RN,Q,f,233,602
JKFFR,X4,CK,QN,r,197,1110
JKFFR,X4,CK,QN,f,277,610
JKFFR,X4,RN,QN,r,149,1110
JKFFS,XL,CK,Q,r,413,6256
JKFFS,XL,CK,Q,f,379,3468
JKFFS,XL,SN,Q,r,221,6250
JKFFS,XL,CK,QN,r,238,6263
JKFFS,XL,CK,QN,f,316,3386
JKFFS,XL,SN,QN,f,127,3363
JKFFS,X1,CK,Q,r,370,4520
JKFFS,X1,CK,Q,f,344,2462
JKFFS,X1,SN,Q,r,182,4523
JKFFS,X1,CK,QN,r,240,4726
JKFFS,X1,CK,QN,f,296,2532
JKFFS,X1,SN,QN,f,109,2531
JKFFS,X2,CK,Q,r,356,2319
JKFFS,X2,CK,Q,f,316,1241
JKFFS,X2,SN,Q,r,176,2319
JKFFS,X2,CK,QN,r,215,2320
JKFFS,X2,CK,QN,f,280,1233
JKFFS,X2,SN,QN,f,101,1235
JKFFS,X4,CK,Q,r,347,1040
JKFFS,X4,CK,Q,f,285,722
JKFFS,X4,SN,Q,r,165,1039
JKFFS,X4,CK,QN,r,205,1041
JKFFS,X4,CK,QN,f,281,723
JKFFS,X4,SN,QN,f,100,725
JKFFSR,XL,CK,Q,r,522,6259
JKFFSR,XL,CK,Q,f,414,3490
JKFFSR,XL,SN,Q,r,243,6260
JKFFSR,XL,SN,Q,f,279,3479
JKFFSR,XL,RN,Q,f,352,3478
JKFFSR,XL,CK,QN,r,274,6265
JKFFSR,XL,CK,QN,f,418,3607
JKFFSR,XL,SN,QN,r,136,6286
JKFFSR,XL,SN,QN,f,152,3394
JKFFSR,XL,RN,QN,r,209,6284
JKFFSR,X1,CK,Q,r,446,4524
JKFFSR,X1,CK,Q,f,366,2463
JKFFSR,X1,SN,Q,r,206,4523
JKFFSR,X1,SN,Q,f,216,2460
JKFFSR,X1,RN,Q,f,287,2459
JKFFSR,X1,CK,QN,r,267,5059
JKFFSR,X1,CK,QN,f,374,2799
JKFFSR,X1,SN,QN,r,116,5068
JKFFSR,X1,SN,QN,f,137,2756
JKFFSR,X1,RN,QN,r,186,5070
JKFFSR,X2,CK,Q,r,429,2249
JKFFSR,X2,CK,Q,f,346,1219
JKFFSR,X2,SN,Q,r,184,2250
JKFFSR,X2,SN,Q,f,205,1218
JKFFSR,X2,RN,Q,f,270,1219
JKFFSR,X2,CK,QN,r,254,2254
JKFFSR,X2,CK,QN,f,360,1243
JKFFSR,X2,SN,QN,r,113,2258
JKFFSR,X2,SN,QN,f,118,1224
JKFFSR,X2,RN,QN,r,177,2258
JKFFSR,X4,CK,Q,r,470,1125
JKFFSR,X4,CK,Q,f,378,611
JKFFSR,X4,SN,Q,r,212,1125
JKFFSR,X4,SN,Q,f,235,611
JKFFSR,X4,RN,Q,f,300,611
JKFFSR,X4,CK,QN,r,275,1130
JKFFSR,X4,CK,QN,f,396,633
JKFFSR,X4,SN,QN,r,132,1131
JKFFSR,X4,SN,QN,f,143,617
JKFFSR,X4,RN,QN,r,197,1131
MX2,XL,S0,Y,r,125,6249
MX2,XL,S0,Y,f,127,3493
MX2,XL,A,Y,r,97,6250
MX2,XL,A,Y,f,147,3497
MX2,XL,B,Y,r,98,6250
MX2,XL,B,Y,f,153,3506
MX2,X1,S0,Y,r,120,4520
MX2,X1,S0,Y,f,118,2469
MX2,X1,A,Y,r,87,4518
MX2,X1,A,Y,f,119,2476
MX2,X1,B,Y,r,86,4521
MX2,X1,B,Y,f,124,2477
MX2,X2,S0,Y,r,121,2236
MX2,X2,S0,Y,f,110,1228
MX2,X2,A,Y,r,78,2236
MX2,X2,A,Y,f,109,1229
MX2,X2,B,Y,r,80,2236
MX2,X2,B,Y,f,115,1229
MX2,X4,S0,Y,r,136,1126
MX2,X4,S0,Y,f,134,736
MX2,X4,A,Y,r,96,1127
MX2,X4,A,Y,f,126,733
MX2,X4,B,Y,r,86,1126
MX2,X4,B,Y,f,140,737
MX4,XL,S0,Y,r,229,6284
MX4,XL,S0,Y,f,256,3953
MX4,XL,S1,Y,r,137,6283
MX4,XL,S1,Y,f,125,3835
MX4,XL,A,Y,r,170,6282
MX4,XL,A,Y,f,248,3928
MX4,XL,B,Y,r,169,6281
MX4,XL,B,Y,f,252,3933
MX4,XL,C,Y,r,176,6290
MX4,XL,C,Y,f,259,3974
MX4,XL,D,Y,r,176,6288
MX4,XL,D,Y,f,266,3983
MX4,X1,S0,Y,r,172,4526
MX4,X1,S0,Y,f,193,2582
MX4,X1,S1,Y,r,132,4527
MX4,X1,S1,Y,f,123,2566
MX4,X1,A,Y,r,129,4530
MX4,X1,A,Y,f,175,2575
MX4,X1,B,Y,r,128,4526
MX4,X1,B,Y,f,179,2577
MX4,X1,C,Y,r,131,4528
MX4,X1,C,Y,f,184,2585
MX4,X1,D,Y,r,130,4530
MX4,X1,D,Y,f,188,2587
MX4,X2,S0,Y,r,159,2239
MX4,X2,S0,Y,f,187,1278
MX4,X2,S1,Y,r,127,2239
MX4,X2,S1,Y,f,120,1270
MX4,X2,A,Y,r,120,2240
MX4,X2,A,Y,f,166,1272
MX4,X2,B,Y,r,125,2240
MX4,X2,B,Y,f,173,1272
MX4,X2,C,Y,r,125,2241
MX4,X2,C,Y,f,178,1279
MX4,X2,D,Y,r,125,2240
MX4,X2,D,Y,f,182,1279
MX4,X4,S0,Y,r,170,1044
MX4,X4,S0,Y,f,217,764
MX4,X4,S1,Y,r,138,1044
MX4,X4,S1,Y,f,150,759
MX4,X4,A,Y,r,133,1043
MX4,X4,A,Y,f,195,761
MX4,X4,B,Y,r,138,1044
MX4,X4,B,Y,f,203,761
MX4,X4,C,Y,r,136,1044
MX4,X4,C,Y,f,208,764
MX4,X4,D,Y,r,136,1044
MX4,X4,D,Y,f,212,764
MXI2,XL,S0,Y,r,51,9538
MXI2,XL,S0,Y,f,56,4415
MXI2,XL,A,Y,r,60,7047
MXI2,XL,A,Y,f,43,3894
MXI2,XL,B,Y,r,81,9706
MXI2,XL,B,Y,f,47,4701
MXI2,X1,S0,Y,r,53,4872
MXI2,X1,S0,Y,f,68,2791
MXI2,X1,A,Y,r,49,4901
MXI2,X1,A,Y,f,38,2852
MXI2,X1,B,Y,r,52,4900
MXI2,X1,B,Y,f,35,2850
MXI2,X2,S0,Y,r,58,2729
MXI2,X2,S0,Y,f,57,2058
MXI2,X2,A,Y,r,49,2739
MXI2,X2,A,Y,f,42,1772
MXI2,X2,B,Y,r,51,2786
MXI2,X2,B,Y,f,44,2136
MXI2,X4,S0,Y,r,53,1305
MXI2,X4,S0,Y,f,62,884
MXI2,X4,A,Y,r,46,1312
MXI2,X4,A,Y,f,41,903
MXI2,X4,B,Y,r,51,1309
MXI2,X4,B,Y,f,38,900
MXI4,XL,S0,Y,r,251,6253
MXI4,XL,S0,Y,f,302,3534
MXI4,XL,S1,Y,r,136,6250
MXI4,XL,S1,Y,f,138,3525
MXI4,XL,A,Y,r,263,6252
MXI4,XL,A,Y,f,247,3534
MXI4,XL,B,Y,r,265,6253
MXI4,XL,B,Y,f,246,3534
MXI4,XL,C,Y,r,243,6251
MXI4,XL,C,Y,f,236,3526
MXI4,XL,D,Y,r,247,6253
MXI4,XL,D,Y,f,235,3525
MXI4,X1,S0,Y,r,229,4522
MXI4,X1,S0,Y,f,259,2487
MXI4,X1,S1,Y,r,129,4519
MXI4,X1,S1,Y,f,121,2478
MXI4,X1,A,Y,r,225,4521
MXI4,X1,A,Y,f,209,2488
MXI4,X1,B,Y,r,227,4521
MXI4,X1,B,Y,f,207,2488
MXI4,X1,C,Y,r,208,4521
MXI4,X1,C,Y,f,199,2486
MXI4,X1,D,Y,r,210,4520
MXI4,X1,D,Y,f,198,2486
MXI4,X2,S0,Y,r,201,2307
MXI4,X2,S0,Y,f,230,1232
MXI4,X2,S1,Y,r,123,2307
MXI4,X2,S1,Y,f,107,1226
MXI4,X2,A,Y,r,199,2308
MXI4,X2,A,Y,f,188,1232
MXI4,X2,B,Y,r,205,2308
MXI4,X2,B,Y,f,188,1232
MXI4,X2,C,Y,r,176,2307
MXI4,X2,C,Y,f,171,1227
MXI4,X2,D,Y,r,177,2307
MXI4,X2,D,Y,f,172,1227
MXI4,X4,S0,Y,r,208,1120
MXI4,X4,S0,Y,f,252,620
MXI4,X4,S1,Y,r,134,1119
MXI4,X4,S1,Y,f,119,618
MXI4,X4,A,Y,r,207,1120
MXI4,X4,A,Y,f,216,620
MXI4,X4,B,Y,r,211,1120
MXI4,X4,B,Y,f,213,620
MXI4,X4,C,Y,r,174,1119
MXI4,X4,C,Y,f,190,618
MXI4,X4,D,Y,r,178,1119
MXI4,X4,D,Y,f,187,618
NAND2,XL,A,Y,r,28,6234
NAND2,XL,A,Y,f,18,3893
NAND2,XL,B,Y,r,35,6229
NAND2,XL,B,Y,f,23,3901
NAND2,X1,A,Y,r,27,4512
NAND2,X1,A,Y,f,17,2782
NAND2,X1,B,Y,r,34,4512
NAND2,X1,B,Y,f,21,2786
NAND2,X2,A,Y,r,25,2211
NAND2,X2,A,Y,f,16,1356
NAND2,X2,B,Y,r,33,2211
NAND2,X2,B,Y,f,21,1358
NAND2,X4,A,Y,r,25,1179
NAND2,X4,A,Y,f,15,680
NAND2,X4,B,Y,r,33,1178
NAND2,X4,B,Y,f,20,681
NAND2B,XL,AN,Y,r,59,6240
NAND2B,XL,AN,Y,f,81,3937
NAND2B,XL,B,Y,r,35,6234
NAND2B,XL,B,Y,f,25,3912
NAND2B,X1,AN,Y,r,64,4518
NAND2B,X1,AN,Y,f,90,2738
NAND2B,X1,B,Y,r,34,4516
NAND2B,X1,B,Y,f,24,2724
NAND2B,X2,AN,Y,r,66,2244
NAND2B,X2,AN,Y,f,88,1369
NAND2B,X2,B,Y,r,32,2252
NAND2B,X2,B,Y,f,24,1362
NAND2B,X4,AN,Y,r,65,1180
NAND2B,X4,AN,Y,f,83,686
NAND2B,X4,B,Y,r,32,1179
NAND2B,X4,B,Y,f,23,683
NAND3,XL,A,Y,r,41,6234
NAND3,XL,A,Y,f,29,4396
NAND3,XL,B,Y,r,50,6233
NAND3,XL,B,Y,f,36,4403
NAND3,XL,C,Y,r,59,6236
NAND3,XL,C,Y,f,39,4404
NAND3,X1,A,Y,r,34,4151
NAND3,X1,A,Y,f,24,3005
NAND3,X1,B,Y,r,43,4150
NAND3,X1,B,Y,f,31,3009
NAND3,X1,C,Y,r,51,4152
NAND3,X1,C,Y,f,33,3009
NAND3,X2,A,Y,r,31,2209
NAND3,X2,A,Y,f,20,1503
NAND3,X2,B,Y,r,40,2209
NAND3,X2,B,Y,f,27,1504
NAND3,X2,C,Y,r,50,2211
NAND3,X2,C,Y,f,31,1505
NAND3,X4,A,Y,r,32,1449
NAND3,X4,A,Y,f,20,961
NAND3,X4,B,Y,r,42,1447
NAND3,X4,B,Y,f,27,962
NAND3,X4,C,Y,r,51,1448
NAND3,X4,C,Y,f,31,962
NAND3B,XL,AN,Y,r,78,6246
NAND3B,XL,AN,Y,f,100,4429
NAND3B,XL,B,Y,r,49,6239
NAND3B,XL,B,Y,f,38,4413
NAND3B,XL,C,Y,r,58,6240
NAND3B,XL,C,Y,f,41,4413
NAND3B,X1,AN,Y,r,75,4156
NAND3B,X1,AN,Y,f,101,3025
NAND3B,X1,B,Y,r,42,4153
NAND3B,X1,B,Y,f,34,3016
NAND3B,X1,C,Y,r,50,4154
NAND3B,X1,C,Y,f,37,3016
NAND3B,X2,AN,Y,r,71,2212
NAND3B,X2,AN,Y,f,87,1512
NAND3B,X2,B,Y,r,40,2211
NAND3B,X2,B,Y,f,30,1508
NAND3B,X2,C,Y,r,49,2212
NAND3B,X2,C,Y,f,34,1508
NAND3B,X4,AN,Y,r,67,1410
NAND3B,X4,AN,Y,f,81,972
NAND3B,X4,B,Y,r,39,1410
NAND3B,X4,B,Y,f,30,970
NAND3B,X4,C,Y,r,49,1415
NAND3B,X4,C,Y,f,33,970
NAND4,XL,A,Y,r,40,6236
NAND4,XL,A,Y,f,28,5028
NAND4,XL,B,Y,r,52,6231
NAND4,XL,B,Y,f,40,5037
NAND4,XL,C,Y,r,62,6236
NAND4,XL,C,Y,f,45,5038
NAND4,XL,D,Y,r,69,6256
NAND4,XL,D,Y,f,48,5036
NAND4,X1,A,Y,r,37,4372
NAND4,X1,A,Y,f,25,3459
NAND4,X1,B,Y,r,48,4366
NAND4,X1,B,Y,f,35,3464
NAND4,X1,C,Y,r,57,4371
NAND4,X1,C,Y,f,41,3463
NAND4,X1,D,Y,r,66,4380
NAND4,X1,D,Y,f,44,3463
NAND4,X2,A,Y,r,35,2211
NAND4,X2,A,Y,f,24,1730
NAND4,X2,B,Y,r,46,2208
NAND4,X2,B,Y,f,33,1732
NAND4,X2,C,Y,r,56,2210
NAND4,X2,C,Y,f,39,1732
NAND4,X2,D,Y,r,65,2215
NAND4,X2,D,Y,f,43,1732
NAND4,X4,A,Y,r,35,1106
NAND4,X4,A,Y,f,24,865
NAND4,X4,B,Y,r,46,1104
NAND4,X4,B,Y,f,33,866
NAND4,X4,C,Y,r,56,1105
NAND4,X4,C,Y,f,39,866
NAND4,X4,D,Y,r,66,1107
NAND4,X4,D,Y,f,43,866
NAND4B,XL,AN,Y,r,79,6245
NAND4B,XL,AN,Y,f,99,5051
NAND4B,XL,B,Y,r,54,6236
NAND4B,XL,B,Y,f,44,5044
NAND4B,XL,C,Y,r,64,6239
NAND4B,XL,C,Y,f,50,5043
NAND4B,XL,D,Y,r,73,6255
NAND4B,XL,D,Y,f,53,5044
NAND4B,X1,AN,Y,r,81,4375
NAND4B,X1,AN,Y,f,104,3475
NAND4B,X1,B,Y,r,50,4369
NAND4B,X1,B,Y,f,40,3469
NAND4B,X1,C,Y,r,59,4374
NAND4B,X1,C,Y,f,46,3470
NAND4B,X1,D,Y,r,68,4380
NAND4B,X1,D,Y,f,49,3469
NAND4B,X2,AN,Y,r,76,2213
NAND4B,X2,AN,Y,f,92,1737
NAND4B,X2,B,Y,r,45,2210
NAND4B,X2,B,Y,f,36,1734
NAND4B,X2,C,Y,r,55,2211
NAND4B,X2,C,Y,f,42,1734
NAND4B,X2,D,Y,r,65,2215
NAND4B,X2,D,Y,f,46,1735
NAND4B,X4,AN,Y,r,75,1106
NAND4B,X4,AN,Y,f,90,869
NAND4B,X4,B,Y,r,45,1105
NAND4B,X4,B,Y,f,36,867
NAND4B,X4,C,Y,r,55,1106
NAND4B,X4,C,Y,f,42,867
NAND4B,X4,D,Y,r,66,1107
NAND4B,X4,D,Y,f,46,868
NAND4BB,XL,AN,Y,r,79,6245
NAND4BB,XL,AN,Y,f,99,5051
NAND4BB,XL,BN,Y,r,89,6242
NAND4BB,XL,BN,Y,f,108,5063
NAND4BB,XL,C,Y,r,63,6245
NAND4BB,XL,C,Y,f,51,5049
NAND4BB,XL,D,Y,r,72,6260
NAND4BB,XL,D,Y,f,54,5048
NAND4BB,X1,AN,Y,r,81,4375
NAND4BB,X1,AN,Y,f,103,3475
NAND4BB,X1,BN,Y,r,92,4374
NAND4BB,X1,BN,Y,f,114,3485
NAND4BB,X1,C,Y,r,58,4377
NAND4BB,X1,C,Y,f,47,3475
NAND4BB,X1,D,Y,r,67,4383
NAND4BB,X1,D,Y,f,51,3474
NAND4BB,X2,AN,Y,r,77,2211
NAND4BB,X2,AN,Y,f,93,1737
NAND4BB,X2,BN,Y,r,89,2212
NAND4BB,X2,BN,Y,f,104,1740
NAND4BB,X2,C,Y,r,55,2214
NAND4BB,X2,C,Y,f,44,1736
NAND4BB,X2,D,Y,r,65,2217
NAND4BB,X2,D,Y,f,49,1737
NAND4BB,X4,AN,Y,r,76,1106
NAND4BB,X4,AN,Y,f,91,869
NAND4BB,X4,BN,Y,r,88,1106
NAND4BB,X4,BN,Y,f,100,870
NAND4BB,X4,C,Y,r,55,1106
NAND4BB,X4,C,Y,f,44,868
NAND4BB,X4,D,Y,r,65,1108
NAND4BB,X4,D,Y,f,49,868
NOR2,XL,A,Y,r,38,9465
NOR2,XL,A,Y,f,19,3366
NOR2,XL,B,Y,r,47,9455
NOR2,XL,B,Y,f,23,3386
NOR2,X1,A,Y,r,37,6723
NOR2,X1,A,Y,f,18,2403
NOR2,X1,B,Y,r,45,6720
NOR2,X1,B,Y,f,22,2410
NOR2,X2,A,Y,r,31,3361
NOR2,X2,A,Y,f,15,1195
NOR2,X2,B,Y,r,40,3360
NOR2,X2,B,Y,f,20,1199
NOR2,X4,A,Y,r,31,1649
NOR2,X4,A,Y,f,16,597
NOR2,X4,B,Y,r,39,1648
NOR2,X4,B,Y,f,20,599
NOR2B,XL,AN,Y,r,69,9473
NOR2B,XL,AN,Y,f,87,3302
NOR2B,XL,B,Y,r,49,9460
NOR2B,XL,B,Y,f,22,3263
NOR2B,X1,AN,Y,r,73,6726
NOR2B,X1,AN,Y,f,99,2435
NOR2B,X1,B,Y,r,48,6722
NOR2B,X1,B,Y,f,22,2411
NOR2B,X2,AN,Y,r,66,3363
NOR2B,X2,AN,Y,f,86,1210
NOR2B,X2,B,Y,r,42,3361
NOR2B,X2,B,Y,f,20,1199
NOR2B,X4,AN,Y,r,66,1642
NOR2B,X4,AN,Y,f,88,605
NOR2B,X4,B,Y,r,42,1641
NOR2B,X4,B,Y,f,20,600
NOR3,XL,A,Y,r,55,12252
NOR3,XL,A,Y,f,22,3238
NOR3,XL,B,Y,r,80,12237
NOR3,XL,B,Y,f,28,3257
NOR3,XL,C,Y,r,88,12235
NOR3,XL,C,Y,f,30,3302
NOR3,X1,A,Y,r,51,8498
NOR3,X1,A,Y,f,22,2398
NOR3,X1,B,Y,r,75,8494
NOR3,X1,B,Y,f,28,2407
NOR3,X1,C,Y,r,82,8493
NOR3,X1,C,Y,f,31,2429
NOR3,X2,A,Y,r,44,4248
NOR3,X2,A,Y,f,20,1193
NOR3,X2,B,Y,r,69,4247
NOR3,X2,B,Y,f,26,1197
NOR3,X2,C,Y,r,77,4247
NOR3,X2,C,Y,f,30,1207
NOR3,X4,A,Y,r,43,2579
NOR3,X4,A,Y,f,19,703
NOR3,X4,B,Y,r,67,2578
NOR3,X4,B,Y,f,25,705
NOR3,X4,C,Y,r,74,2578
NOR3,X4,C,Y,f,29,709
NOR3B,XL,AN,Y,r,88,12258
NOR3B,XL,AN,Y,f,95,3300
NOR3B,XL,B,Y,r,82,12237
NOR3B,XL,B,Y,f,28,3258
NOR3B,XL,C,Y,r,89,12234
NOR3B,XL,C,Y,f,30,3301
NOR3B,X1,AN,Y,r,88,8499
NOR3B,X1,AN,Y,f,102,2431
NOR3B,X1,B,Y,r,77,8493
NOR3B,X1,B,Y,f,28,2408
NOR3B,X1,C,Y,r,83,8493
NOR3B,X1,C,Y,f,31,2429
NOR3B,X2,AN,Y,r,79,4250
NOR3B,X2,AN,Y,f,92,1209
NOR3B,X2,B,Y,r,69,4247
NOR3B,X2,B,Y,f,25,1198
NOR3B,X2,C,Y,r,77,4248
NOR3B,X2,C,Y,f,30,1207
NOR3B,X4,AN,Y,r,79,2435
NOR3B,X4,AN,Y,f,95,711
NOR3B,X4,B,Y,r,67,2433
NOR3B,X4,B,Y,f,26,705
NOR3B,X4,C,Y,r,75,2433
NOR3B,X4,C,Y,f,30,709
NOR4,XL,A,Y,r,62,13903
NOR4,XL,A,Y,f,25,3239
NOR4,XL,B,Y,r,101,13889
NOR4,XL,B,Y,f,33,3266
NOR4,XL,C,Y,r,124,13895
NOR4,XL,C,Y,f,37,3299
NOR4,XL,D,Y,r,131,13890
NOR4,XL,D,Y,f,37,3351
NOR4,X1,A,Y,r,54,9471
NOR4,X1,A,Y,f,24,2402
NOR4,X1,B,Y,r,94,9468
NOR4,X1,B,Y,f,33,2413
NOR4,X1,C,Y,r,115,9468
NOR4,X1,C,Y,f,39,2428
NOR4,X1,D,Y,r,121,9467
NOR4,X1,D,Y,f,39,2454
NOR4,X2,A,Y,r,43,4736
NOR4,X2,A,Y,f,20,1195
NOR4,X2,B,Y,r,81,4735
NOR4,X2,B,Y,f,30,1200
NOR4,X2,C,Y,r,102,4734
NOR4,X2,C,Y,f,34,1208
NOR4,X2,D,Y,r,110,4735
NOR4,X2,D,Y,f,36,1221
NOR4,X4,A,Y,r,48,2743
NOR4,X4,A,Y,f,21,664
NOR4,X4,B,Y,r,88,2743
NOR4,X4,B,Y,f,31,667
NOR4,X4,C,Y,r,108,2743
NOR4,X4,C,Y,f,35,671
NOR4,X4,D,Y,r,117,2743
NOR4,X4,D,Y,f,36,677
NOR4B,XL,AN,Y,r,97,13912
NOR4B,XL,AN,Y,f,108,3307
NOR4B,XL,B,Y,r,103,13893
NOR4B,XL,B,Y,f,33,3266
NOR4B,XL,C,Y,r,125,13894
NOR4B,XL,C,Y,f,37,3299
NOR4B,XL,D,Y,r,132,13889
NOR4B,XL,D,Y,f,37,3351
NOR4B,X1,AN,Y,r,92,9475
NOR4B,X1,AN,Y,f,108,2430
NOR4B,X1,B,Y,r,96,9469
NOR4B,X1,B,Y,f,33,2411
NOR4B,X1,C,Y,r,117,9468
NOR4B,X1,C,Y,f,39,2429
NOR4B,X1,D,Y,r,123,9468
NOR4B,X1,D,Y,f,40,2454
NOR4B,X2,AN,Y,r,82,4737
NOR4B,X2,AN,Y,f,98,1208
NOR4B,X2,B,Y,r,84,4735
NOR4B,X2,B,Y,f,30,1199
NOR4B,X2,C,Y,r,106,4736
NOR4B,X2,C,Y,f,35,1208
NOR4B,X2,D,Y,r,112,4735
NOR4B,X2,D,Y,f,36,1220
NOR4B,X4,AN,Y,r,83,2745
NOR4B,X4,AN,Y,f,100,671
NOR4B,X4,B,Y,r,89,2743
NOR4B,X4,B,Y,f,30,666
NOR4B,X4,C,Y,r,109,2743
NOR4B,X4,C,Y,f,35,671
NOR4B,X4,D,Y,r,118,2743
NOR4B,X4,D,Y,f,36,677
NOR4BB,XL,AN,Y,r,101,13905
NOR4BB,XL,AN,Y,f,108,3301
NOR4BB,XL,BN,Y,r,147,13902
NOR4BB,XL,BN,Y,f,119,3303
NOR4BB,XL,C,Y,r,132,13892
NOR4BB,XL,C,Y,f,38,3302
NOR4BB,XL,D,Y,r,140,13891
NOR4BB,XL,D,Y,f,39,3350
NOR4BB,X1,AN,Y,r,95,9474
NOR4BB,X1,AN,Y,f,108,2429
NOR4BB,X1,BN,Y,r,137,9472
NOR4BB,X1,BN,Y,f,120,2429
NOR4BB,X1,C,Y,r,120,9468
NOR4BB,X1,C,Y,f,39,2428
NOR4BB,X1,D,Y,r,127,9467
NOR4BB,X1,D,Y,f,40,2453
NOR4BB,X2,AN,Y,r,84,4738
NOR4BB,X2,AN,Y,f,99,1208
NOR4BB,X2,BN,Y,r,122,4735
NOR4BB,X2,BN,Y,f,110,1208
NOR4BB,X2,C,Y,r,108,4734
NOR4BB,X2,C,Y,f,35,1208
NOR4BB,X2,D,Y,r,115,4735
NOR4BB,X2,D,Y,f,37,1220
NOR4BB,X4,AN,Y,r,84,2745
NOR4BB,X4,AN,Y,f,100,671
NOR4BB,X4,BN,Y,r,128,2745
NOR4BB,X4,BN,Y,f,115,671
NOR4BB,X4,C,Y,r,112,2743
NOR4BB,X4,C,Y,f,35,671
NOR4BB,X4,D,Y,r,121,2743
NOR4BB,X4,D,Y,f,37,677
OAI21,XL,A0,Y,r,67,9468
OAI21,XL,A0,Y,f,30,3903
OAI21,XL,A1,Y,r,78,9463
OAI21,XL,A1,Y,f,37,3915
OAI21,XL,B0,Y,r,31,6243
OAI21,XL,B0,Y,f,27,3908
OAI21,X1,A0,Y,r,64,6723
OAI21,X1,A0,Y,f,28,2717
OAI21,X1,A1,Y,r,74,6722
OAI21,X1,A1,Y,f,35,2722
OAI21,X1,B0,Y,r,29,4520
OAI21,X1,B0,Y,f,26,2718
OAI21,X2,A0,Y,r,65,3362
OAI21,X2,A0,Y,f,30,1376
OAI21,X2,A1,Y,r,73,3361
OAI21,X2,A1,Y,f,36,1378
OAI21,X2,B0,Y,r,30,2260
OAI21,X2,B0,Y,f,26,1376
OAI21,X4,A0,Y,r,53,1627
OAI21,X4,A0,Y,f,25,682
OAI21,X4,A1,Y,r,62,1626
OAI21,X4,A1,Y,f,31,683
OAI21,X4,B0,Y,r,26,1161
OAI21,X4,B0,Y,f,23,682
OAI211,XL,A0,Y,r,99,9481
OAI211,XL,A0,Y,f,44,4407
OAI211,XL,A1,Y,r,109,9477
OAI211,XL,A1,Y,f,52,4417
OAI211,XL,B0,Y,r,40,6238
OAI211,XL,B0,Y,f,35,4411
OAI211,XL,C0,Y,r,50,6240
OAI211,XL,C0,Y,f,44,4419
OAI211,X1,A0,Y,r,96,6730
OAI211,X1,A0,Y,f,41,3034
OAI211,X1,A1,Y,r,106,6726
OAI211,X1,A1,Y,f,49,3040
OAI211,X1,B0,Y,r,39,4519
OAI211,X1,B0,Y,f,33,3036
OAI211,X1,C0,Y,r,49,4520
OAI211,X1,C0,Y,f,41,3040
OAI211,X2,A0,Y,r,92,3365
OAI211,X2,A0,Y,f,40,1510
OAI211,X2,A1,Y,r,100,3364
OAI211,X2,A1,Y,f,47,1517
OAI211,X2,B0,Y,r,37,2338
OAI211,X2,B0,Y,f,31,1516
OAI211,X2,C0,Y,r,47,2337
OAI211,X2,C0,Y,f,39,1518
OAI211,X4,A0,Y,r,243,1109
OAI211,X4,A0,Y,f,173,610
OAI211,X4,A1,Y,r,254,1109
OAI211,X4,A1,Y,f,183,610
OAI211,X4,B0,Y,r,158,1109
OAI211,X4,B0,Y,f,167,610
OAI211,X4,C0,Y,r,169,1109
OAI211,X4,C0,Y,f,175,610
OAI22,XL,A0,Y,r,48,9495
OAI22,XL,A0,Y,f,30,3910
OAI22,XL,A1,Y,r,59,9492
OAI22,XL,A1,Y,f,37,3922
OAI22,XL,B0,Y,r,89,9470
OAI22,XL,B0,Y,f,43,3917
OAI22,XL,B1,Y,r,98,9463
OAI22,XL,B1,Y,f,50,3923
OAI22,X1,A0,Y,r,45,6742
OAI22,X1,A0,Y,f,28,2720
OAI22,X1,A1,Y,r,55,6738
OAI22,X1,A1,Y,f,35,2724
OAI22,X1,B0,Y,r,82,6725
OAI22,X1,B0,Y,f,40,2723
OAI22,X1,B1,Y,r,91,6721
OAI22,X1,B1,Y,f,46,2726
OAI22,X2,A0,Y,r,50,3370
OAI22,X2,A0,Y,f,32,1395
OAI22,X2,A1,Y,r,59,3368
OAI22,X2,A1,Y,f,38,1397
OAI22,X2,B0,Y,r,82,3362
OAI22,X2,B0,Y,f,42,1397
OAI22,X2,B1,Y,r,91,3360
OAI22,X2,B1,Y,f,48,1398
OAI22,X4,A0,Y,r,46,1631
OAI22,X4,A0,Y,f,31,701
OAI22,X4,A1,Y,r,54,1631
OAI22,X4,A1,Y,f,37,702
OAI22,X4,B0,Y,r,75,1627
OAI22,X4,B0,Y,f,40,701
OAI22,X4,B1,Y,r,83,1626
OAI22,X4,B1,Y,f,46,702
OAI221,XL,A0,Y,r,88,9494
OAI221,XL,A0,Y,f,51,4420
OAI221,XL,A1,Y,r,99,9489
OAI221,XL,A1,Y,f,59,4426
OAI221,XL,B0,Y,r,124,9499
OAI221,XL,B0,Y,f,60,4420
OAI221,XL,B1,Y,r,133,9497
OAI221,XL,B1,Y,f,67,4427
OAI221,XL,C0,Y,r,41,6252
OAI221,XL,C0,Y,f,44,4420
OAI221,X1,A0,Y,r,83,6738
OAI221,X1,A0,Y,f,47,3016
OAI221,X1,A1,Y,r,92,6737
OAI221,X1,A1,Y,f,54,3019
OAI221,X1,B0,Y,r,117,6736
OAI221,X1,B0,Y,f,54,3016
OAI221,X1,B1,Y,r,125,6735
OAI221,X1,B1,Y,f,62,3019
OAI221,X1,C0,Y,r,40,4528
OAI221,X1,C0,Y,f,41,3016
OAI221,X2,A0,Y,r,78,3370
OAI221,X2,A0,Y,f,45,1525
OAI221,X2,A1,Y,r,87,3368
OAI221,X2,A1,Y,f,52,1527
OAI221,X2,B0,Y,r,109,3369
OAI221,X2,B0,Y,f,51,1525
OAI221,X2,B1,Y,r,118,3368
OAI221,X2,B1,Y,f,59,1527
OAI221,X2,C0,Y,r,34,2265
OAI221,X2,C0,Y,f,38,1525
OAI221,X4,A0,Y,r,228,1168
OAI221,X4,A0,Y,f,170,605
OAI221,X4,A1,Y,r,238,1168
OAI221,X4,A1,Y,f,179,605
OAI221,X4,B0,Y,r,261,1168
OAI221,X4,B0,Y,f,179,605
OAI221,X4,B1,Y,r,271,1168
OAI221,X4,B1,Y,f,188,605
OAI221,X4,C0,Y,r,154,1168
OAI221,X4,C0,Y,f,163,605
OAI222,XL,A0,Y,r,112,9476
OAI222,XL,A0,Y,f,68,4428
OAI222,XL,A1,Y,r,122,9475
OAI222,XL,A1,Y,f,76,4434
OAI222,XL,B0,Y,r,150,9489
OAI222,XL,B0,Y,f,76,4429
OAI222,XL,B1,Y,r,159,9483
OAI222,XL,B1,Y,f,84,4434
OAI222,XL,C0,Y,r,67,9518
OAI222,XL,C0,Y,f,49,4423
OAI222,XL,C1,Y,r,75,9519
OAI222,XL,C1,Y,f,55,4438
OAI222,X1,A0,Y,r,104,6731
OAI222,X1,A0,Y,f,62,3020
OAI222,X1,A1,Y,r,113,6730
OAI222,X1,A1,Y,f,70,3022
OAI222,X1,B0,Y,r,141,6731
OAI222,X1,B0,Y,f,69,3020
OAI222,X1,B1,Y,r,149,6731
OAI222,X1,B1,Y,f,77,3022
OAI222,X1,C0,Y,r,63,6754
OAI222,X1,C0,Y,f,45,3017
OAI222,X1,C1,Y,r,72,6754
OAI222,X1,C1,Y,f,52,3025
OAI222,X2,A0,Y,r,100,3365
OAI222,X2,A0,Y,f,59,1512
OAI222,X2,A1,Y,r,109,3364
OAI222,X2,A1,Y,f,66,1513
OAI222,X2,B0,Y,r,135,3366
OAI222,X2,B0,Y,f,66,1512
OAI222,X2,B1,Y,r,144,3365
OAI222,X2,B1,Y,f,73,1513
OAI222,X2,C0,Y,r,58,3378
OAI222,X2,C0,Y,f,42,1510
OAI222,X2,C1,Y,r,67,3378
OAI222,X2,C1,Y,f,50,1512
OAI222,X4,A0,Y,r,250,1168
OAI222,X4,A0,Y,f,193,605
OAI222,X4,A1,Y,r,259,1167
OAI222,X4,A1,Y,f,203,605
OAI222,X4,B0,Y,r,288,1168
OAI222,X4,B0,Y,f,201,605
OAI222,X4,B1,Y,r,297,1167
OAI222,X4,B1,Y,f,211,605
OAI222,X4,C0,Y,r,207,1168
OAI222,X4,C0,Y,f,175,605
OAI222,X4,C1,Y,r,216,1168
OAI222,X4,C1,Y,f,182,605
OAI2BB1,XL,A0N,Y,r,80,6252
OAI2BB1,XL,A0N,Y,f,100,3952
OAI2BB1,XL,A1N,Y,r,77,6254
OAI2BB1,XL,A1N,Y,f,90,3947
OAI2BB1,XL,B0,Y,r,36,6232
OAI2BB1,XL,B0,Y,f,25,3914
OAI2BB1,X1,A0N,Y,r,85,4523
OAI2BB1,X1,A0N,Y,f,111,2746
OAI2BB1,X1,A1N,Y,r,82,4524
OAI2BB1,X1,A1N,Y,f,101,2744
OAI2BB1,X1,B0,Y,r,34,4514
OAI2BB1,X1,B0,Y,f,24,2725
OAI2BB1,X2,A0N,Y,r,76,2220
OAI2BB1,X2,A0N,Y,f,99,1372
OAI2BB1,X2,A1N,Y,r,73,2220
OAI2BB1,X2,A1N,Y,f,89,1371
OAI2BB1,X2,B0,Y,r,30,2215
OAI2BB1,X2,B0,Y,f,22,1363
OAI2BB1,X4,A0N,Y,r,79,1110
OAI2BB1,X4,A0N,Y,f,91,694
OAI2BB1,X4,A1N,Y,r,76,1110
OAI2BB1,X4,A1N,Y,f,84,694
OAI2BB1,X4,B0,Y,r,32,1108
OAI2BB1,X4,B0,Y,f,24,691
OAI2BB2,XL,A0N,Y,r,83,6261
OAI2BB2,XL,A0N,Y,f,112,3946
OAI2BB2,XL,A1N,Y,r,80,6251
OAI2BB2,XL,A1N,Y,f,93,3943
OAI2BB2,XL,B0,Y,r,70,9472
OAI2BB2,XL,B0,Y,f,34,3916
OAI2BB2,XL,B1,Y,r,79,9469
OAI2BB2,XL,B1,Y,f,40,3924
OAI2BB2,X1,A0N,Y,r,88,4530
OAI2BB2,X1,A0N,Y,f,122,2742
OAI2BB2,X1,A1N,Y,r,85,4525
OAI2BB2,X1,A1N,Y,f,104,2742
OAI2BB2,X1,B0,Y,r,64,6725
OAI2BB2,X1,B0,Y,f,32,2725
OAI2BB2,X1,B1,Y,r,73,6722
OAI2BB2,X1,B1,Y,f,38,2729
OAI2BB2,X2,A0N,Y,r,87,2264
OAI2BB2,X2,A0N,Y,f,117,1387
OAI2BB2,X2,A1N,Y,r,83,2262
OAI2BB2,X2,A1N,Y,f,99,1387
OAI2BB2,X2,B0,Y,r,61,3363
OAI2BB2,X2,B0,Y,f,32,1380
OAI2BB2,X2,B1,Y,r,71,3362
OAI2BB2,X2,B1,Y,f,38,1382
OAI2BB2,X4,A0N,Y,r,81,1113
OAI2BB2,X4,A0N,Y,f,111,696
OAI2BB2,X4,A1N,Y,r,77,1111
OAI2BB2,X4,A1N,Y,f,92,696
OAI2BB2,X4,B0,Y,r,55,1627
OAI2BB2,X4,B0,Y,f,31,693
OAI2BB2,X4,B1,Y,r,64,1627
OAI2BB2,X4,B1,Y,f,37,694
OAI31,XL,A0,Y,r,84,12246
OAI31,XL,A0,Y,f,32,3905
OAI31,XL,A1,Y,r,110,12242
OAI31,XL,A1,Y,f,41,3916
OAI31,XL,A2,Y,r,116,12240
OAI31,XL,A2,Y,f,44,3954
OAI31,XL,B0,Y,r,31,6246
OAI31,XL,B0,Y,f,34,3947
OAI31,X1,A0,Y,r,77,8497
OAI31,X1,A0,Y,f,30,2717
OAI31,X1,A1,Y,r,102,8494
OAI31,X1,A1,Y,f,38,2723
OAI31,X1,A2,Y,r,108,8496
OAI31,X1,A2,Y,f,42,2741
OAI31,X1,B0,Y,r,30,4521
OAI31,X1,B0,Y,f,33,2737
OAI31,X2,A0,Y,r,77,4249
OAI31,X2,A0,Y,f,30,1359
OAI31,X2,A1,Y,r,101,4247
OAI31,X2,A1,Y,f,38,1361
OAI31,X2,A2,Y,r,108,4248
OAI31,X2,A2,Y,f,42,1371
OAI31,X2,B0,Y,r,28,2261
OAI31,X2,B0,Y,f,31,1369
OAI31,X4,A0,Y,r,253,1109
OAI31,X4,A0,Y,f,152,610
OAI31,X4,A1,Y,r,278,1109
OAI31,X4,A1,Y,f,162,610
OAI31,X4,A2,Y,r,286,1109
OAI31,X4,A2,Y,f,168,610
OAI31,X4,B0,Y,r,150,1109
OAI31,X4,B0,Y,f,157,610
OAI32,XL,A0,Y,r,117,12252
OAI32,XL,A0,Y,f,46,3918
OAI32,XL,A1,Y,r,143,12241
OAI32,XL,A1,Y,f,55,3925
OAI32,XL,A2,Y,r,150,12241
OAI32,XL,A2,Y,f,60,3957
OAI32,XL,B0,Y,r,51,9497
OAI32,XL,B0,Y,f,38,3949
OAI32,XL,B1,Y,r,62,9490
OAI32,XL,B1,Y,f,45,3955
OAI32,X1,A0,Y,r,105,8499
OAI32,X1,A0,Y,f,42,2724
OAI32,X1,A1,Y,r,129,8494
OAI32,X1,A1,Y,f,51,2727
OAI32,X1,A2,Y,r,135,8495
OAI32,X1,A2,Y,f,56,2742
OAI32,X1,B0,Y,r,48,6743
OAI32,X1,B0,Y,f,36,2738
OAI32,X1,B1,Y,r,57,6740
OAI32,X1,B1,Y,f,43,2741
OAI32,X2,A0,Y,r,104,4247
OAI32,X2,A0,Y,f,53,1735
OAI32,X2,A1,Y,r,128,4246
OAI32,X2,A1,Y,f,65,1737
OAI32,X2,A2,Y,r,136,4245
OAI32,X2,A2,Y,f,71,1746
OAI32,X2,B0,Y,r,53,3371
OAI32,X2,B0,Y,f,48,1744
OAI32,X2,B1,Y,r,63,3370
OAI32,X2,B1,Y,f,58,1744
OAI32,X4,A0,Y,r,289,1109
OAI32,X4,A0,Y,f,168,610
OAI32,X4,A1,Y,r,314,1109
OAI32,X4,A1,Y,f,178,610
OAI32,X4,A2,Y,r,321,1109
OAI32,X4,A2,Y,f,184,610
OAI32,X4,B0,Y,r,196,1109
OAI32,X4,B0,Y,f,161,610
OAI32,X4,B1,Y,r,206,1109
OAI32,X4,B1,Y,f,168,610
OAI33,XL,A0,Y,r,74,12294
OAI33,XL,A0,Y,f,43,3938
OAI33,XL,A1,Y,r,99,12290
OAI33,XL,A1,Y,f,52,3947
OAI33,XL,A2,Y,r,107,12286
OAI33,XL,A2,Y,f,58,3978
OAI33,XL,B0,Y,r,142,12247
OAI33,XL,B0,Y,f,57,3954
OAI33,XL,B1,Y,r,168,12242
OAI33,XL,B1,Y,f,67,3955
OAI33,XL,B2,Y,r,174,12241
OAI33,XL,B2,Y,f,72,3981
OAI33,X1,A0,Y,r,66,8527
OAI33,X1,A0,Y,f,41,2736
OAI33,X1,A1,Y,r,93,8524
OAI33,X1,A1,Y,f,51,2738
OAI33,X1,A2,Y,r,102,8524
OAI33,X1,A2,Y,f,57,2753
OAI33,X1,B0,Y,r,128,8498
OAI33,X1,B0,Y,f,54,2744
OAI33,X1,B1,Y,r,152,8493
OAI33,X1,B1,Y,f,64,2744
OAI33,X1,B2,Y,r,159,8494
OAI33,X1,B2,Y,f,69,2756
OAI33,X2,A0,Y,r,67,4262
OAI33,X2,A0,Y,f,51,1743
OAI33,X2,A1,Y,r,91,4260
OAI33,X2,A1,Y,f,63,1744
OAI33,X2,A2,Y,r,100,4261
OAI33,X2,A2,Y,f,72,1751
OAI33,X2,B0,Y,r,127,4248
OAI33,X2,B0,Y,f,68,1745
OAI33,X2,B1,Y,r,152,4246
OAI33,X2,B1,Y,f,80,1746
OAI33,X2,B2,Y,r,159,4246
OAI33,X2,B2,Y,f,88,1753
OAI33,X4,A0,Y,r,242,1109
OAI33,X4,A0,Y,f,169,610
OAI33,X4,A1,Y,r,269,1109
OAI33,X4,A1,Y,f,178,610
OAI33,X4,A2,Y,r,275,1109
OAI33,X4,A2,Y,f,186,610
OAI33,X4,B0,Y,r,317,1109
OAI33,X4,B0,Y,f,184,610
OAI33,X4,B1,Y,r,343,1109
OAI33,X4,B1,Y,f,196,610
OAI33,X4,B2,Y,r,350,1109
OAI33,X4,B2,Y,f,201,610
OR2,XL,A,Y,r,59,6238
OR2,XL,A,Y,f,117,3383
OR2,XL,B,Y,r,65,6243
OR2,XL,B,Y,f,130,3384
OR2,X1,A,Y,r,62,4516
OR2,X1,A,Y,f,134,2475
OR2,X1,B,Y,r,69,4517
OR2,X1,B,Y,f,146,2474
OR2,X2,A,Y,r,64,2336
OR2,X2,A,Y,f,125,1228
OR2,X2,B,Y,r,70,2336
OR2,X2,B,Y,f,135,1228
OR2,X4,A,Y,r,57,1122
OR2,X4,A,Y,f,126,625
OR2,X4,B,Y,r,63,1122
OR2,X4,B,Y,f,136,625
OR3,XL,A,Y,r,63,6238
OR3,XL,A,Y,f,155,3517
OR3,XL,B,Y,r,70,6237
OR3,XL,B,Y,f,181,3516
OR3,XL,C,Y,r,71,6246
OR3,XL,C,Y,f,188,3516
OR3,X1,A,Y,r,67,4516
OR3,X1,A,Y,f,177,2539
OR3,X1,B,Y,r,74,4519
OR3,X1,B,Y,f,203,2540
OR3,X1,C,Y,r,76,4520
OR3,X1,C,Y,f,210,2540
OR3,X2,A,Y,r,68,2277
OR3,X2,A,Y,f,165,1257
OR3,X2,B,Y,r,77,2278
OR3,X2,B,Y,f,190,1257
OR3,X2,C,Y,r,80,2279
OR3,X2,C,Y,f,197,1257
OR3,X4,A,Y,r,61,1057
OR3,X4,A,Y,f,155,626
OR3,X4,B,Y,r,70,1057
OR3,X4,B,Y,f,180,626
OR3,X4,C,Y,r,74,1058
OR3,X4,C,Y,f,189,626
OR4,XL,A,Y,r,69,6238
OR4,XL,A,Y,f,187,3696
OR4,XL,B,Y,r,77,6242
OR4,XL,B,Y,f,228,3697
OR4,XL,C,Y,r,82,6247
OR4,XL,C,Y,f,253,3697
OR4,XL,D,Y,r,83,6262
OR4,XL,D,Y,f,261,3696
OR4,X1,A,Y,r,73,4517
OR4,X1,A,Y,f,215,2633
OR4,X1,B,Y,r,81,4519
OR4,X1,B,Y,f,256,2632
OR4,X1,C,Y,r,86,4523
OR4,X1,C,Y,f,282,2634
OR4,X1,D,Y,r,88,4527
OR4,X1,D,Y,f,289,2632
OR4,X2,A,Y,r,71,2277
OR4,X2,A,Y,f,182,1285
OR4,X2,B,Y,r,81,2278
OR4,X2,B,Y,f,220,1286
OR4,X2,C,Y,r,86,2279
OR4,X2,C,Y,f,243,1285
OR4,X2,D,Y,r,88,2284
OR4,X2,D,Y,f,249,1285
OR4,X4,A,Y,r,66,1077
OR4,X4,A,Y,f,178,700
OR4,X4,B,Y,r,77,1077
OR4,X4,B,Y,f,219,699
OR4,X4,C,Y,r,82,1078
OR4,X4,C,Y,f,239,699
OR4,X4,D,Y,r,85,1080
OR4,X4,D,Y,f,250,699
RSLAT,XL,S,Q,r,214,6253
RSLAT,XL,R,Q,r,150,6251
RSLAT,XL,R,Q,f,146,3350
RSLAT,XL,S,QN,r,140,6252
RSLAT,XL,S,QN,f,138,3346
RSLAT,XL,R,QN,r,221,6256
RSLAT,X1,S,Q,r,201,4522
RSLAT,X1,R,Q,r,150,4522
RSLAT,X1,R,Q,f,138,2441
RSLAT,X1,S,QN,r,141,4523
RSLAT,X1,S,QN,f,132,2440
RSLAT,X1,R,QN,r,206,4524
RSLAT,X2,S,Q,r,189,2250
RSLAT,X2,R,Q,r,144,2251
RSLAT,X2,R,Q,f,131,1211
RSLAT,X2,S,QN,r,143,2251
RSLAT,X2,S,QN,f,132,1211
RSLAT,X2,R,QN,r,192,2251
RSLAT,X4,S,Q,r,177,1110
RSLAT,X4,R,Q,r,131,1110
RSLAT,X4,R,Q,f,124,610
RSLAT,X4,S,QN,r,127,1110
RSLAT,X4,S,QN,f,121,610
RSLAT,X4,R,QN,r,179,1110
RSLATN,XL,SN,Q,r,138,6250
RSLATN,XL,SN,Q,f,192,3276
RSLATN,XL,RN,Q,f,286,3277
RSLATN,XL,SN,QN,f,288,3285
RSLATN,XL,RN,QN,r,142,6248
RSLATN,XL,RN,QN,f,197,3285
RSLATN,X1,SN,Q,r,147,4519
RSLATN,X1,SN,Q,f,176,2484
RSLATN,X1,RN,Q,f,283,2484
RSLATN,X1,SN,QN,f,277,2485
RSLATN,X1,RN,QN,r,154,4522
RSLATN,X1,RN,QN,f,182,2486
RSLATN,X2,SN,Q,r,138,2250
RSLATN,X2,SN,Q,f,159,1228
RSLATN,X2,RN,Q,f,253,1228
RSLATN,X2,SN,QN,f,248,1227
RSLATN,X2,RN,QN,r,140,2250
RSLATN,X2,RN,QN,f,160,1228
RSLATN,X4,SN,Q,r,127,1125
RSLATN,X4,SN,Q,f,146,612
RSLATN,X4,RN,Q,f,231,613
RSLATN,X4,SN,QN,f,230,613
RSLATN,X4,RN,QN,r,128,1125
RSLATN,X4,RN,QN,f,146,613
SDFF,XL,CK,Q,r,227,5696
SDFF,XL,CK,Q,f,188,3407
SDFF,XL,CK,QN,r,246,6241
SDFF,XL,CK,QN,f,312,3340
SDFF,X1,CK,Q,r,200,4287
SDFF,X1,CK,Q,f,170,2551
SDFF,X1,CK,QN,r,225,4521
SDFF,X1,CK,QN,f,282,2442
SDFF,X2,CK,Q,r,184,2262
SDFF,X2,CK,Q,f,154,1275
SDFF,X2,CK,QN,r,197,2258
SDFF,X2,CK,QN,f,255,1219
SDFF,X4,CK,Q,r,155,1140
SDFF,X4,CK,Q,f,134,611
SDFF,X4,CK,QN,r,180,1139
SDFF,X4,CK,QN,f,219,605
SDFFHQ,XL,CK,Q,r,207,6252
SDFFHQ,XL,CK,Q,f,209,3518
SDFFHQ,X1,CK,Q,r,175,4282
SDFFHQ,X1,CK,Q,f,167,2594
SDFFHQ,X2,CK,Q,r,174,2261
SDFFHQ,X2,CK,Q,f,162,1298
SDFFHQ,X4,CK,Q,r,148,1118
SDFFHQ,X4,CK,Q,f,136,611
SDFFN,XL,CKN,Q,r,179,5701
SDFFN,XL,CKN,Q,f,299,3406
SDFFN,XL,CKN,QN,r,357,6241
SDFFN,XL,CKN,QN,f,264,3341
SDFFN,X1,CKN,Q,r,145,4288
SDFFN,X1,CKN,Q,f,263,2552
SDFFN,X1,CKN,QN,r,317,4520
SDFFN,X1,CKN,QN,f,227,2443
SDFFN,X2,CKN,Q,r,131,2261
SDFFN,X2,CKN,Q,f,241,1276
SDFFN,X2,CKN,QN,r,283,2260
SDFFN,X2,CKN,QN,f,201,1219
SDFFN,X4,CKN,Q,r,110,1140
SDFFN,X4,CKN,Q,f,205,612
SDFFN,X4,CKN,QN,r,252,1139
SDFFN,X4,CKN,QN,f,174,605
SDFFNR,XL,CKN,Q,r,368,6240
SDFFNR,XL,CKN,Q,f,426,3300
SDFFNR,XL,RN,Q,f,238,3301
SDFFNR,XL,CKN,QN,r,375,6237
SDFFNR,XL,CKN,QN,f,340,3516
SDFFNR,XL,RN,QN,r,187,6242
SDFFNR,X1,CKN,Q,r,324,4517
SDFFNR,X1,CKN,Q,f,418,2434
SDFFNR,X1,RN,Q,f,243,2434
SDFFNR,X1,CKN,QN,r,353,4516
SDFFNR,X1,CKN,QN,f,289,2490
SDFFNR,X1,RN,QN,r,179,4518
SDFFNR,X2,CKN,Q,r,328,2077
SDFFNR,X2,CKN,Q,f,440,1345
SDFFNR,X2,RN,Q,f,239,1344
SDFFNR,X2,CKN,QN,r,362,2078
SDFFNR,X2,CKN,QN,f,278,1366
SDFFNR,X2,RN,QN,r,161,2080
SDFFNR,X4,CKN,Q,r,284,1137
SDFFNR,X4,CKN,Q,f,374,615
SDFFNR,X4,RN,Q,f,212,615
SDFFNR,X4,CKN,QN,r,305,1138
SDFFNR,X4,CKN,QN,f,235,625
SDFFNR,X4,RN,QN,r,144,1139
SDFFNS,XL,CKN,Q,r,292,6241
SDFFNS,XL,CKN,Q,f,398,3299
SDFFNS,XL,SN,Q,r,156,6239
SDFFNS,XL,CKN,QN,r,350,6253
SDFFNS,XL,CKN,QN,f,262,3362
SDFFNS,XL,SN,QN,f,126,3342
SDFFNS,X1,CKN,Q,r,267,4518
SDFFNS,X1,CKN,Q,f,392,2431
SDFFNS,X1,SN,Q,r,147,4515
SDFFNS,X1,CKN,QN,r,330,4522
SDFFNS,X1,CKN,QN,f,230,2441
SDFFNS,X1,SN,QN,f,109,2439
SDFFNS,X2,CKN,Q,r,271,2276
SDFFNS,X2,CKN,Q,f,379,1211
SDFFNS,X2,SN,Q,r,151,2276
SDFFNS,X2,CKN,QN,r,311,2279
SDFFNS,X2,CKN,QN,f,220,1214
SDFFNS,X2,SN,QN,f,101,1216
SDFFNS,X4,CKN,Q,r,255,1137
SDFFNS,X4,CKN,Q,f,362,606
SDFFNS,X4,SN,Q,r,142,1137
SDFFNS,X4,CKN,QN,r,294,1139
SDFFNS,X4,CKN,QN,f,206,608
SDFFNS,X4,SN,QN,f,93,610
SDFFNSR,XL,CKN,Q,r,361,6235
SDFFNSR,XL,CKN,Q,f,425,3311
SDFFNSR,XL,SN,Q,r,182,6237
SDFFNSR,XL,SN,Q,f,186,3312
SDFFNSR,XL,RN,Q,f,277,3312
SDFFNSR,XL,CKN,QN,r,366,6259
SDFFNSR,XL,CKN,QN,f,327,3580
SDFFNSR,XL,SN,QN,r,127,6278
SDFFNSR,XL,SN,QN,f,145,3386
SDFFNSR,XL,RN,QN,r,218,6278
SDFFNSR,X1,CKN,Q,r,327,4516
SDFFNSR,X1,CKN,Q,f,421,2437
SDFFNSR,X1,SN,Q,r,171,4517
SDFFNSR,X1,SN,Q,f,179,2437
SDFFNSR,X1,RN,Q,f,266,2437
SDFFNSR,X1,CKN,QN,r,350,4522
SDFFNSR,X1,CKN,QN,f,289,2501
SDFFNSR,X1,SN,QN,r,109,4533
SDFFNSR,X1,SN,QN,f,130,2455
SDFFNSR,X1,RN,QN,r,195,4532
SDFFNSR,X2,CKN,Q,r,319,2276
SDFFNSR,X2,CKN,Q,f,389,1211
SDFFNSR,X2,SN,Q,r,166,2276
SDFFNSR,X2,SN,Q,f,160,1211
SDFFNSR,X2,RN,Q,f,229,1211
SDFFNSR,X2,CKN,QN,r,321,2279
SDFFNSR,X2,CKN,QN,f,265,1239
SDFFNSR,X2,SN,QN,r,92,2284
SDFFNSR,X2,SN,QN,f,113,1221
SDFFNSR,X2,RN,QN,r,161,2285
SDFFNSR,X4,CKN,Q,r,291,1137
SDFFNSR,X4,CKN,Q,f,366,610
SDFFNSR,X4,SN,Q,r,156,1137
SDFFNSR,X4,SN,Q,f,155,610
SDFFNSR,X4,RN,Q,f,223,610
SDFFNSR,X4,CKN,QN,r,298,1139
SDFFNSR,X4,CKN,QN,f,243,624
SDFFNSR,X4,SN,QN,r,88,1142
SDFFNSR,X4,SN,QN,f,109,618
SDFFNSR,X4,RN,QN,r,155,1142
SDFFR,XL,CK,Q,r,412,6239
SDFFR,XL,CK,Q,f,291,3300
SDFFR,XL,RN,Q,f,238,3301
SDFFR,XL,CK,QN,r,240,6237
SDFFR,XL,CK,QN,f,384,3517
SDFFR,XL,RN,QN,r,187,6241
SDFFR,X1,CK,Q,r,382,4516
SDFFR,X1,CK,Q,f,315,2434
SDFFR,X1,RN,Q,f,243,2434
SDFFR,X1,CK,QN,r,250,4516
SDFFR,X1,CK,QN,f,347,2490
SDFFR,X1,RN,QN,r,179,4519
SDFFR,X2,CK,Q,r,388,2077
SDFFR,X2,CK,Q,f,307,1344
SDFFR,X2,RN,Q,f,238,1345
SDFFR,X2,CK,QN,r,228,2078
SDFFR,X2,CK,QN,f,340,1471
SDFFR,X2,RN,QN,r,161,2079
SDFFR,X4,CK,Q,r,335,1137
SDFFR,X4,CK,Q,f,272,615
SDFFR,X4,RN,Q,f,211,615
SDFFR,X4,CK,QN,r,203,1138
SDFFR,X4,CK,QN,f,283,625
SDFFR,X4,RN,QN,r,143,1138
SDFFRHQ,XL,CK,Q,r,236,9483
SDFFRHQ,XL,CK,Q,f,251,3620
SDFFRHQ,XL,RN,Q,f,171,2885
SDFFRHQ,X1,CK,Q,r,196,6726
SDFFRHQ,X1,CK,Q,f,175,2467
SDFFRHQ,X1,RN,Q,f,137,1941
SDFFRHQ,X2,CK,Q,r,172,3364
SDFFRHQ,X2,CK,Q,f,151,1225
SDFFRHQ,X2,RN,Q,f,117,1081
SDFFRHQ,X4,CK,Q,r,158,1832
SDFFRHQ,X4,CK,Q,f,139,676
SDFFRHQ,X4,RN,Q,f,96,646
SDFFS,XL,CK,Q,r,329,6239
SDFFS,XL,CK,Q,f,274,3299
SDFFS,XL,SN,Q,r,156,6239
SDFFS,XL,CK,QN,r,226,6254
SDFFS,XL,CK,QN,f,299,3361
SDFFS,XL,SN,QN,f,126,3341
SDFFS,X1,CK,Q,r,311,4516
SDFFS,X1,CK,Q,f,292,2432
SDFFS,X1,SN,Q,r,142,4517
SDFFS,X1,CK,QN,r,234,4721
SDFFS,X1,CK,QN,f,278,2696
SDFFS,X1,SN,QN,f,108,2695
SDFFS,X2,CK,Q,r,329,2248
SDFFS,X2,CK,Q,f,293,1210
SDFFS,X2,SN,Q,r,152,2248
SDFFS,X2,CK,QN,r,223,2251
SDFFS,X2,CK,QN,f,279,1215
SDFFS,X2,SN,QN,f,102,1217
SDFFS,X4,CK,Q,r,306,1109
SDFFS,X4,CK,Q,f,268,609
SDFFS,X4,SN,Q,r,141,1109
SDFFS,X4,CK,QN,r,200,1111
SDFFS,X4,CK,QN,f,258,611
SDFFS,X4,SN,QN,f,94,614
SDFFSHQ,XL,CK,Q,r,231,6272
SDFFSHQ,XL,CK,Q,f,268,4293
SDFFSHQ,XL,SN,Q,r,71,3443
SDFFSHQ,X1,CK,Q,r,193,4523
SDFFSHQ,X1,CK,Q,f,173,2772
SDFFSHQ,X1,SN,Q,r,81,2424
SDFFSHQ,X2,CK,Q,r,174,2250
SDFFSHQ,X2,CK,Q,f,151,1382
SDFFSHQ,X2,SN,Q,r,82,1251
SDFFSHQ,X4,CK,Q,r,155,1125
SDFFSHQ,X4,CK,Q,f,136,690
SDFFSHQ,X4,SN,Q,r,87,665
SDFFSR,XL,CK,Q,r,402,6237
SDFFSR,XL,CK,Q,f,307,3310
SDFFSR,XL,SN,Q,r,181,6233
SDFFSR,XL,SN,Q,f,185,3311
SDFFSR,XL,RN,Q,f,276,3311
SDFFSR,XL,CK,QN,r,248,6260
SDFFSR,XL,CK,QN,f,369,3577
SDFFSR,XL,SN,QN,r,127,6276
SDFFSR,XL,SN,QN,f,144,3386
SDFFSR,XL,RN,QN,r,218,6275
SDFFSR,X1,CK,Q,r,368,4514
SDFFSR,X1,CK,Q,f,319,2437
SDFFSR,X1,SN,Q,r,171,4514
SDFFSR,X1,SN,Q,f,178,2437
SDFFSR,X1,RN,Q,f,264,2437
SDFFSR,X1,CK,QN,r,248,4524
SDFFSR,X1,CK,QN,f,330,2501
SDFFSR,X1,SN,QN,r,109,4531
SDFFSR,X1,SN,QN,f,130,2455
SDFFSR,X1,RN,QN,r,194,4531
SDFFSR,X2,CK,Q,r,366,2276
SDFFSR,X2,CK,Q,f,285,1211
SDFFSR,X2,SN,Q,r,166,2276
SDFFSR,X2,SN,Q,f,160,1211
SDFFSR,X2,RN,Q,f,228,1211
SDFFSR,X2,CK,QN,r,216,2279
SDFFSR,X2,CK,QN,f,312,1239
SDFFSR,X2,SN,QN,r,91,2283
SDFFSR,X2,SN,QN,f,112,1220
SDFFSR,X2,RN,QN,r,159,2283
SDFFSR,X4,CK,Q,r,341,1137
SDFFSR,X4,CK,Q,f,275,610
SDFFSR,X4,SN,Q,r,156,1137
SDFFSR,X4,SN,Q,f,155,610
SDFFSR,X4,RN,Q,f,223,610
SDFFSR,X4,CK,QN,r,207,1139
SDFFSR,X4,CK,QN,f,293,624
SDFFSR,X4,SN,QN,r,88,1142
SDFFSR,X4,SN,QN,f,109,618
SDFFSR,X4,RN,QN,r,155,1142
SDFFSRHQ,XL,CK,Q,r,245,9492
SDFFSRHQ,XL,CK,Q,f,247,4196
SDFFSRHQ,XL,SN,Q,r,77,4006
SDFFSRHQ,XL,SN,Q,f,49,3736
SDFFSRHQ,XL,RN,Q,f,177,3773
SDFFSRHQ,X1,CK,Q,r,204,6731
SDFFSRHQ,X1,CK,Q,f,170,2761
SDFFSRHQ,X1,SN,Q,r,84,2838
SDFFSRHQ,X1,SN,Q,f,51,2484
SDFFSRHQ,X1,RN,Q,f,128,2484
SDFFSRHQ,X2,CK,Q,r,188,3365
SDFFSRHQ,X2,CK,Q,f,158,1432
SDFFSRHQ,X2,SN,Q,r,88,1451
SDFFSRHQ,X2,SN,Q,f,48,1362
SDFFSRHQ,X2,RN,Q,f,114,1361
SDFFSRHQ,X4,CK,Q,r,174,1683
SDFFSRHQ,X4,CK,Q,f,143,717
SDFFSRHQ,X4,SN,Q,r,90,771
SDFFSRHQ,X4,SN,Q,f,38,712
SDFFSRHQ,X4,RN,Q,f,99,712
SDFFTR,XL,CK,Q,r,218,6246
SDFFTR,XL,CK,Q,f,179,3185
SDFFTR,XL,CK,QN,r,225,6242
SDFFTR,XL,CK,QN,f,286,3328
SDFFTR,X1,CK,Q,r,192,4520
SDFFTR,X1,CK,Q,f,160,2631
SDFFTR,X1,CK,QN,r,207,4518
SDFFTR,X1,CK,QN,f,265,2441
SDFFTR,X2,CK,Q,r,193,2250
SDFFTR,X2,CK,Q,f,150,1225
SDFFTR,X2,CK,QN,r,206,2249
SDFFTR,X2,CK,QN,f,267,1213
SDFFTR,X4,CK,Q,r,157,1110
SDFFTR,X4,CK,Q,f,137,617
SDFFTR,X4,CK,QN,r,186,1109
SDFFTR,X4,CK,QN,f,227,610
SEDFF,XL,CK,Q,r,223,6240
SEDFF,XL,CK,Q,f,180,3408
SEDFF,XL,CK,QN,r,254,6246
SEDFF,XL,CK,QN,f,326,3410
SEDFF,X1,CK,Q,r,203,4936
SEDFF,X1,CK,Q,f,160,2636
SEDFF,X1,CK,QN,r,221,4519
SEDFF,X1,CK,QN,f,291,2455
SEDFF,X2,CK,Q,r,175,2250
SEDFF,X2,CK,Q,f,144,1263
SEDFF,X2,CK,QN,r,204,2249
SEDFF,X2,CK,QN,f,258,1255
SEDFF,X4,CK,Q,r,157,1110
SEDFF,X4,CK,Q,f,135,598
SEDFF,X4,CK,QN,r,192,1109
SEDFF,X4,CK,QN,f,233,592
SEDFFHQ,XL,CK,Q,r,260,6247
SEDFFHQ,XL,CK,Q,f,306,3443
SEDFFHQ,X1,CK,Q,r,173,4517
SEDFFHQ,X1,CK,Q,f,215,2433
SEDFFHQ,X2,CK,Q,r,165,2218
SEDFFHQ,X2,CK,Q,f,202,1223
SEDFFHQ,X4,CK,Q,r,139,1109
SEDFFHQ,X4,CK,Q,f,182,612
SEDFFTR,XL,CK,Q,r,316,6253
SEDFFTR,XL,CK,Q,f,342,3478
SEDFFTR,XL,CK,QN,r,203,6260
SEDFFTR,XL,CK,QN,f,217,3611
SEDFFTR,X1,CK,Q,r,197,4516
SEDFFTR,X1,CK,Q,f,227,2435
SEDFFTR,X1,CK,QN,r,161,4519
SEDFFTR,X1,CK,QN,f,150,2466
SEDFFTR,X2,CK,Q,r,217,2281
SEDFFTR,X2,CK,Q,f,234,1261
SEDFFTR,X2,CK,QN,r,169,2284
SEDFFTR,X2,CK,QN,f,171,1288
SEDFFTR,X4,CK,Q,r,257,1109
SEDFFTR,X4,CK,Q,f,253,605
SEDFFTR,X4,CK,QN,r,186,1113
SEDFFTR,X4,CK,QN,f,212,633
TBUF,XL,A,Y,r,92,6248
TBUF,XL,A,Y,f,148,4376
TBUF,XL,OE,Y,r,63,6242
TBUF,XL,OE,Y,f,103,4365
TBUF,X1,A,Y,r,99,4527
TBUF,X1,A,Y,f,162,2532
TBUF,X1,OE,Y,r,68,4522
TBUF,X1,OE,Y,f,108,2522
TBUF,X2,A,Y,r,101,2342
TBUF,X2,A,Y,f,143,1282
TBUF,X2,OE,Y,r,75,2340
TBUF,X2,OE,Y,f,103,1276
TBUF,X3,A,Y,r,98,1549
TBUF,X3,A,Y,f,135,811
TBUF,X3,OE,Y,r,78,1548
TBUF,X3,OE,Y,f,98,806
TBUF,X4,A,Y,r,92,1142
TBUF,X4,A,Y,f,129,626
TBUF,X4,OE,Y,r,73,1142
TBUF,X4,OE,Y,f,100,623
TBUF,X8,A,Y,r,88,571
TBUF,X8,A,Y,f,118,330
TBUF,X8,OE,Y,r,70,571
TBUF,X8,OE,Y,f,95,330
TBUF,X12,A,Y,r,80,371
TBUF,X12,A,Y,f,113,226
TBUF,X12,OE,Y,r,66,370
TBUF,X12,OE,Y,f,95,225
TBUF,X16,A,Y,r,80,278
TBUF,X16,A,Y,f,114,169
TBUF,X16,OE,Y,r,64,278
TBUF,X16,OE,Y,f,93,169
TBUF,X20,A,Y,r,80,229
TBUF,X20,A,Y,f,110,131
TBUF,X20,OE,Y,r,65,229
TBUF,X20,OE,Y,f,91,130
TBUFI,XL,A,Y,r,62,6724
TBUFI,XL,A,Y,f,29,2665
TBUFI,XL,OE,Y,r,60,6750
TBUFI,XL,OE,Y,f,19,2661
TBUFI,X1,A,Y,r,62,6719
TBUFI,X1,A,Y,f,30,2722
TBUFI,X1,OE,Y,r,60,6731
TBUFI,X1,OE,Y,f,19,2723
TBUFI,X2,A,Y,r,55,3361
TBUFI,X2,A,Y,f,26,1362
TBUFI,X2,OE,Y,r,59,3366
TBUFI,X2,OE,Y,f,15,1363
TBUFI,X3,A,Y,r,179,1525
TBUFI,X3,A,Y,f,176,813
TBUFI,X3,OE,Y,r,79,1523
TBUFI,X3,OE,Y,f,101,809
TBUFI,X4,A,Y,r,170,1178
TBUFI,X4,A,Y,f,165,634
TBUFI,X4,OE,Y,r,78,1177
TBUFI,X4,OE,Y,f,97,631
TBUFI,X8,A,Y,r,154,600
TBUFI,X8,A,Y,f,155,299
TBUFI,X8,OE,Y,r,67,600
TBUFI,X8,OE,Y,f,96,298
TBUFI,X12,A,Y,r,149,371
TBUFI,X12,A,Y,f,153,214
TBUFI,X12,OE,Y,r,67,370
TBUFI,X12,OE,Y,f,96,213
TBUFI,X16,A,Y,r,142,278
TBUFI,X16,A,Y,f,149,159
TBUFI,X16,OE,Y,r,65,278
TBUFI,X16,OE,Y,f,94,159
TBUFI,X20,A,Y,r,143,229
TBUFI,X20,A,Y,f,146,123
TBUFI,X20,OE,Y,r,66,229
TBUFI,X20,OE,Y,f,92,122
TLAT,XL,D,Q,r,89,6248
TLAT,XL,D,Q,f,146,3398
TLAT,XL,G,Q,r,182,6245
TLAT,XL,G,Q,f,157,3394
TLAT,XL,D,QN,r,193,6244
TLAT,XL,D,QN,f,160,3336
TLAT,XL,G,QN,r,205,6246
TLAT,XL,G,QN,f,254,3336
TLAT,X1,D,Q,r,86,4522
TLAT,X1,D,Q,f,149,2471
TLAT,X1,G,Q,r,173,4519
TLAT,X1,G,Q,f,156,2469
TLAT,X1,D,QN,r,201,4520
TLAT,X1,D,QN,f,165,2444
TLAT,X1,G,QN,r,209,4518
TLAT,X1,G,QN,f,252,2444
TLAT,X2,D,Q,r,79,2278
TLAT,X2,D,Q,f,134,1227
TLAT,X2,G,Q,r,179,2279
TLAT,X2,G,Q,f,150,1226
TLAT,X2,D,QN,r,200,2277
TLAT,X2,D,QN,f,168,1219
TLAT,X2,G,QN,r,216,2277
TLAT,X2,G,QN,f,270,1219
TLAT,X4,D,Q,r,70,1153
TLAT,X4,D,Q,f,124,617
TLAT,X4,G,Q,r,152,1152
TLAT,X4,G,Q,f,137,617
TLAT,X4,D,QN,r,193,1152
TLAT,X4,D,QN,f,162,614
TLAT,X4,G,QN,r,206,1152
TLAT,X4,G,QN,f,245,614
TLATN,XL,D,Q,r,88,6251
TLATN,XL,D,Q,f,145,3397
TLATN,XL,GN,Q,r,156,6250
TLATN,XL,GN,Q,f,235,3395
TLATN,XL,D,QN,r,193,6247
TLATN,XL,D,QN,f,160,3336
TLATN,XL,GN,QN,r,284,6245
TLATN,XL,GN,QN,f,229,3335
TLATN,X1,D,Q,r,83,4519
TLATN,X1,D,Q,f,144,2465
TLATN,X1,GN,Q,r,135,4522
TLATN,X1,GN,Q,f,223,2465
TLATN,X1,D,QN,r,197,4518
TLATN,X1,D,QN,f,162,2444
TLATN,X1,GN,QN,r,276,4518
TLATN,X1,GN,QN,f,215,2445
TLATN,X2,D,Q,r,78,2251
TLATN,X2,D,Q,f,136,1228
TLATN,X2,GN,Q,r,136,2251
TLATN,X2,GN,Q,f,225,1228
TLATN,X2,D,QN,r,202,2249
TLATN,X2,D,QN,f,169,1219
TLATN,X2,GN,QN,r,292,2249
TLATN,X2,GN,QN,f,228,1219
TLATN,X4,D,Q,r,69,1152
TLATN,X4,D,Q,f,125,617
TLATN,X4,GN,Q,r,113,1153
TLATN,X4,GN,Q,f,210,617
TLATN,X4,D,QN,r,195,1152
TLATN,X4,D,QN,f,161,615
TLATN,X4,GN,QN,r,279,1152
TLATN,X4,GN,QN,f,206,614
TLATNR,XL,D,Q,r,129,6272
TLATNR,XL,D,Q,f,214,3545
TLATNR,XL,GN,Q,r,200,6273
TLATNR,XL,GN,Q,f,309,3544
TLATNR,XL,RN,Q,r,126,6272
TLATNR,XL,RN,Q,f,139,3431
TLATNR,XL,D,QN,r,265,6248
TLATNR,XL,D,QN,f,208,3353
TLATNR,XL,GN,QN,r,361,6248
TLATNR,XL,GN,QN,f,280,3354
TLATNR,XL,RN,QN,r,193,6247
TLATNR,XL,RN,QN,f,206,3354
TLATNR,X1,D,Q,r,124,4532
TLATNR,X1,D,Q,f,211,2524
TLATNR,X1,GN,Q,r,197,4530
TLATNR,X1,GN,Q,f,309,2524
TLATNR,X1,RN,Q,r,120,4532
TLATNR,X1,RN,Q,f,160,2511
TLATNR,X1,D,QN,r,266,4521
TLATNR,X1,D,QN,f,210,2452
TLATNR,X1,GN,QN,r,365,4521
TLATNR,X1,GN,QN,f,284,2453
TLATNR,X1,RN,QN,r,214,4519
TLATNR,X1,RN,QN,f,207,2452
TLATNR,X2,D,Q,r,107,2255
TLATNR,X2,D,Q,f,190,1249
TLATNR,X2,GN,Q,r,170,2256
TLATNR,X2,GN,Q,f,283,1249
TLATNR,X2,RN,Q,r,102,2255
TLATNR,X2,RN,Q,f,232,1306
TLATNR,X2,D,QN,r,259,2249
TLATNR,X2,D,QN,f,202,1220
TLATNR,X2,GN,QN,r,352,2249
TLATNR,X2,GN,QN,f,265,1220
TLATNR,X2,RN,QN,r,303,2248
TLATNR,X2,RN,QN,f,196,1220
TLATNR,X4,D,Q,r,99,1113
TLATNR,X4,D,Q,f,175,627
TLATNR,X4,GN,Q,r,153,1114
TLATNR,X4,GN,Q,f,271,627
TLATNR,X4,RN,Q,r,92,1113
TLATNR,X4,RN,Q,f,370,721
TLATNR,X4,D,QN,r,247,1110
TLATNR,X4,D,QN,f,199,615
TLATNR,X4,GN,QN,r,343,1110
TLATNR,X4,GN,QN,f,253,615
TLATNR,X4,RN,QN,r,458,1110
TLATNR,X4,RN,QN,f,192,615
TLATNS,XL,D,Q,r,134,6279
TLATNS,XL,D,Q,f,289,3632
TLATNS,XL,GN,Q,r,218,6276
TLATNS,XL,GN,Q,f,378,3633
TLATNS,XL,SN,Q,r,193,6247
TLATNS,XL,SN,Q,f,322,3633
TLATNS,XL,D,QN,r,361,6242
TLATNS,XL,D,QN,f,229,3155
TLATNS,XL,GN,QN,r,450,6244
TLATNS,XL,GN,QN,f,314,3154
TLATNS,XL,SN,QN,r,393,6244
TLATNS,XL,SN,QN,f,287,3150
TLATNS,X1,D,Q,r,125,4533
TLATNS,X1,D,Q,f,283,2716
TLATNS,X1,GN,Q,r,185,4536
TLATNS,X1,GN,Q,f,353,2715
TLATNS,X1,SN,Q,r,205,4522
TLATNS,X1,SN,Q,f,315,2716
TLATNS,X1,D,QN,r,345,4520
TLATNS,X1,D,QN,f,233,2464
TLATNS,X1,GN,QN,r,417,4521
TLATNS,X1,GN,QN,f,295,2463
TLATNS,X1,SN,QN,r,377,4523
TLATNS,X1,SN,QN,f,312,2461
TLATNS,X2,D,Q,r,108,2255
TLATNS,X2,D,Q,f,251,1289
TLATNS,X2,GN,Q,r,171,2256
TLATNS,X2,GN,Q,f,330,1289
TLATNS,X2,SN,Q,r,233,2256
TLATNS,X2,SN,Q,f,277,1290
TLATNS,X2,D,QN,r,325,2249
TLATNS,X2,D,QN,f,210,1223
TLATNS,X2,GN,QN,r,405,2249
TLATNS,X2,GN,QN,f,274,1223
TLATNS,X2,SN,QN,r,351,2250
TLATNS,X2,SN,QN,f,338,1223
TLATNS,X4,D,Q,r,102,1113
TLATNS,X4,D,Q,f,235,646
TLATNS,X4,GN,Q,r,151,1114
TLATNS,X4,GN,Q,f,300,646
TLATNS,X4,SN,Q,r,311,1119
TLATNS,X4,SN,Q,f,259,646
TLATNS,X4,D,QN,r,309,1110
TLATNS,X4,D,QN,f,201,615
TLATNS,X4,GN,QN,r,374,1109
TLATNS,X4,GN,QN,f,251,615
TLATNS,X4,SN,QN,r,333,1109
TLATNS,X4,SN,QN,f,422,616
TLATNSR,XL,D,Q,r,172,6310
TLATNSR,XL,D,Q,f,329,4022
TLATNSR,XL,GN,Q,r,243,6312
TLATNSR,XL,GN,Q,f,400,4027
TLATNSR,XL,SN,Q,r,222,6259
TLATNSR,XL,SN,Q,f,360,4006
TLATNSR,XL,RN,Q,r,168,6314
TLATNSR,XL,RN,Q,f,242,3901
TLATNSR,XL,D,QN,r,400,6246
TLATNSR,XL,D,QN,f,272,3375
TLATNSR,XL,GN,QN,r,473,6246
TLATNSR,XL,GN,QN,f,345,3377
TLATNSR,XL,SN,QN,r,432,6248
TLATNSR,XL,SN,QN,f,321,3367
TLATNSR,XL,RN,QN,r,312,6244
TLATNSR,XL,RN,QN,f,269,3376
TLATNSR,X1,D,Q,r,161,4548
TLATNSR,X1,D,Q,f,323,2801
TLATNSR,X1,GN,Q,r,210,4546
TLATNSR,X1,GN,Q,f,380,2802
TLATNSR,X1,SN,Q,r,205,4527
TLATNSR,X1,SN,Q,f,352,2794
TLATNSR,X1,RN,Q,r,158,4548
TLATNSR,X1,RN,Q,f,235,2763
TLATNSR,X1,D,QN,r,387,4520
TLATNSR,X1,D,QN,f,275,2466
TLATNSR,X1,GN,QN,r,445,4521
TLATNSR,X1,GN,QN,f,325,2466
TLATNSR,X1,SN,QN,r,416,4520
TLATNSR,X1,SN,QN,f,315,2463
TLATNSR,X1,RN,QN,r,297,4520
TLATNSR,X1,RN,QN,f,271,2467
TLATNSR,X2,D,Q,r,154,2262
TLATNSR,X2,D,Q,f,293,1339
TLATNSR,X2,GN,Q,r,203,2262
TLATNSR,X2,GN,Q,f,361,1338
TLATNSR,X2,SN,Q,r,180,2253
TLATNSR,X2,SN,Q,f,319,1335
TLATNSR,X2,RN,Q,r,150,2261
TLATNSR,X2,RN,Q,f,211,1318
TLATNSR,X2,D,QN,r,368,2249
TLATNSR,X2,D,QN,f,256,1222
TLATNSR,X2,GN,QN,r,437,2249
TLATNSR,X2,GN,QN,f,306,1222
TLATNSR,X2,SN,QN,r,394,2249
TLATNSR,X2,SN,QN,f,280,1221
TLATNSR,X2,RN,QN,r,281,2250
TLATNSR,X2,RN,QN,f,253,1222
TLATNSR,X4,D,Q,r,139,1116
TLATNSR,X4,D,Q,f,272,667
TLATNSR,X4,GN,Q,r,180,1116
TLATNSR,X4,GN,Q,f,341,668
TLATNSR,X4,SN,Q,r,173,1111
TLATNSR,X4,SN,Q,f,298,666
TLATNSR,X4,RN,Q,r,135,1115
TLATNSR,X4,RN,Q,f,192,659
TLATNSR,X4,D,QN,r,346,1110
TLATNSR,X4,D,QN,f,241,616
TLATNSR,X4,GN,QN,r,416,1110
TLATNSR,X4,GN,QN,f,284,615
TLATNSR,X4,SN,QN,r,372,1110
TLATNSR,X4,SN,QN,f,273,615
TLATNSR,X4,RN,QN,r,261,1110
TLATNSR,X4,RN,QN,f,238,615
TLATR,XL,D,Q,r,131,6268
TLATR,XL,D,Q,f,215,3552
TLATR,XL,G,Q,r,229,6269
TLATR,XL,G,Q,f,220,3550
TLATR,XL,RN,Q,r,127,6270
TLATR,XL,RN,Q,f,141,3434
TLATR,XL,D,QN,r,267,6245
TLATR,XL,D,QN,f,210,3353
TLATR,XL,G,QN,r,273,6247
TLATR,XL,G,QN,f,310,3356
TLATR,XL,RN,QN,r,194,6246
TLATR,XL,RN,QN,f,207,3354
TLATR,X1,D,Q,r,125,4531
TLATR,X1,D,Q,f,212,2527
TLATR,X1,G,Q,r,221,4531
TLATR,X1,G,Q,f,218,2526
TLATR,X1,RN,Q,r,121,4530
TLATR,X1,RN,Q,f,160,2513
TLATR,X1,D,QN,r,267,4520
TLATR,X1,D,QN,f,211,2451
TLATR,X1,G,QN,r,274,4522
TLATR,X1,G,QN,f,309,2452
TLATR,X1,RN,QN,r,215,4521
TLATR,X1,RN,QN,f,207,2452
TLATR,X2,D,Q,r,108,2255
TLATR,X2,D,Q,f,190,1249
TLATR,X2,G,Q,r,215,2254
TLATR,X2,G,Q,f,201,1249
TLATR,X2,RN,Q,r,102,2255
TLATR,X2,RN,Q,f,232,1307
TLATR,X2,D,QN,r,259,2248
TLATR,X2,D,QN,f,203,1220
TLATR,X2,G,QN,r,271,2248
TLATR,X2,G,QN,f,310,1220
TLATR,X2,RN,QN,r,304,2249
TLATR,X2,RN,QN,f,197,1220
TLATR,X4,D,Q,r,101,1113
TLATR,X4,D,Q,f,174,627
TLATR,X4,G,Q,r,210,1113
TLATR,X4,G,Q,f,184,627
TLATR,X4,RN,Q,r,94,1113
TLATR,X4,RN,Q,f,370,721
TLATR,X4,D,QN,r,246,1110
TLATR,X4,D,QN,f,201,615
TLATR,X4,G,QN,r,257,1110
TLATR,X4,G,QN,f,310,615
TLATR,X4,RN,QN,r,457,1109
TLATR,X4,RN,QN,f,194,615
TLATNS,XL,D,Q,r,134,6279
TLATNS,XL,D,Q,f,287,3627
TLATNS,XL,G,Q,r,246,6278
TLATNS,XL,G,Q,f,266,3628
TLATNS,XL,SN,Q,r,192,6244
TLATNS,XL,SN,Q,f,320,3629
TLATNS,XL,D,QN,r,359,6244
TLATNS,XL,D,QN,f,229,3156
TLATNS,XL,G,QN,r,339,6246
TLATNS,XL,G,QN,f,343,3155
TLATNS,XL,SN,QN,r,392,6245
TLATNS,XL,SN,QN,f,287,3151
TLATNS,X1,D,Q,r,126,4534
TLATNS,X1,D,Q,f,282,2798
TLATNS,X1,G,Q,r,236,4532
TLATNS,X1,G,Q,f,257,2798
TLATNS,X1,SN,Q,r,203,4523
TLATNS,X1,SN,Q,f,314,2798
TLATNS,X1,D,QN,r,343,4520
TLATNS,X1,D,QN,f,234,2464
TLATNS,X1,G,QN,r,319,4520
TLATNS,X1,G,QN,f,346,2464
TLATNS,X1,SN,QN,r,375,4520
TLATNS,X1,SN,QN,f,311,2464
TLATNS,X2,D,Q,r,110,2255
TLATNS,X2,D,Q,f,250,1290
TLATNS,X2,G,Q,r,222,2254
TLATNS,X2,G,Q,f,237,1289
TLATNS,X2,SN,Q,r,233,2256
TLATNS,X2,SN,Q,f,276,1290
TLATNS,X2,D,QN,r,325,2250
TLATNS,X2,D,QN,f,212,1223
TLATNS,X2,G,QN,r,312,2250
TLATNS,X2,G,QN,f,325,1223
TLATNS,X2,SN,QN,r,352,2250
TLATNS,X2,SN,QN,f,339,1224
TLATNS,X4,D,Q,r,104,1113
TLATNS,X4,D,Q,f,233,646
TLATNS,X4,G,Q,r,202,1113
TLATNS,X4,G,Q,f,219,646
TLATNS,X4,SN,Q,r,311,1119
TLATNS,X4,SN,Q,f,257,646
TLATNS,X4,D,QN,r,307,1110
TLATNS,X4,D,QN,f,203,615
TLATNS,X4,G,QN,r,294,1110
TLATNS,X4,G,QN,f,301,615
TLATNS,X4,SN,QN,r,332,1110
TLATNS,X4,SN,QN,f,422,616
TLATSR,XL,D,Q,r,173,6311
TLATSR,XL,D,Q,f,330,4029
TLATSR,XL,G,Q,r,273,6312
TLATSR,XL,G,Q,f,321,4030
TLATSR,XL,SN,Q,r,222,6260
TLATSR,XL,SN,Q,f,362,4011
TLATSR,XL,RN,Q,r,169,6311
TLATSR,XL,RN,Q,f,243,3906
TLATSR,XL,D,QN,r,402,6242
TLATSR,XL,D,QN,f,273,3375
TLATSR,XL,G,QN,r,394,6247
TLATSR,XL,G,QN,f,375,3377
TLATSR,XL,SN,QN,r,433,6245
TLATSR,XL,SN,QN,f,322,3367
TLATSR,XL,RN,QN,r,313,6243
TLATSR,XL,RN,QN,f,269,3376
TLATSR,X1,D,Q,r,164,4548
TLATSR,X1,D,Q,f,326,2808
TLATSR,X1,G,Q,r,258,4546
TLATSR,X1,G,Q,f,313,2808
TLATSR,X1,SN,Q,r,206,4529
TLATSR,X1,SN,Q,f,355,2801
TLATSR,X1,RN,Q,r,160,4547
TLATSR,X1,RN,Q,f,238,2765
TLATSR,X1,D,QN,r,389,4519
TLATSR,X1,D,QN,f,276,2466
TLATSR,X1,G,QN,r,377,4520
TLATSR,X1,G,QN,f,372,2467
TLATSR,X1,SN,QN,r,418,4521
TLATSR,X1,SN,QN,f,316,2463
TLATSR,X1,RN,QN,r,299,4521
TLATSR,X1,RN,QN,f,273,2467
TLATSR,X2,D,Q,r,155,2262
TLATSR,X2,D,Q,f,293,1338
TLATSR,X2,G,Q,r,251,2261
TLATSR,X2,G,Q,f,281,1339
TLATSR,X2,SN,Q,r,180,2253
TLATSR,X2,SN,Q,f,318,1335
TLATSR,X2,RN,Q,r,151,2263
TLATSR,X2,RN,Q,f,211,1319
TLATSR,X2,D,QN,r,370,2249
TLATSR,X2,D,QN,f,259,1222
TLATSR,X2,G,QN,r,360,2250
TLATSR,X2,G,QN,f,357,1222
TLATSR,X2,SN,QN,r,396,2250
TLATSR,X2,SN,QN,f,282,1222
TLATSR,X2,RN,QN,r,283,2250
TLATSR,X2,RN,QN,f,256,1223
TLATSR,X4,D,Q,r,140,1116
TLATSR,X4,D,Q,f,271,667
TLATSR,X4,G,Q,r,228,1115
TLATSR,X4,G,Q,f,260,668
TLATSR,X4,SN,Q,r,172,1112
TLATSR,X4,SN,Q,f,296,666
TLATSR,X4,RN,Q,r,137,1116
TLATSR,X4,RN,Q,f,192,659
TLATSR,X4,D,QN,r,345,1110
TLATSR,X4,D,QN,f,242,615
TLATSR,X4,G,QN,r,334,1110
TLATSR,X4,G,QN,f,331,615
TLATSR,X4,SN,QN,r,371,1110
TLATSR,X4,SN,QN,f,272,615
TLATSR,X4,RN,QN,r,261,1110
TLATSR,X4,RN,QN,f,239,615
TTLAT,XL,D,Q,r,118,8134
TTLAT,XL,D,Q,f,175,5085
TTLAT,XL,G,Q,r,216,8138
TTLAT,XL,G,Q,f,191,5081
TTLAT,XL,OE,Q,r,28,8064
TTLAT,XL,OE,Q,f,16,4994
TTLAT,X1,D,Q,r,101,2678
TTLAT,X1,D,Q,f,147,1629
TTLAT,X1,G,Q,r,198,2679
TTLAT,X1,G,Q,f,163,1627
TTLAT,X1,OE,Q,r,23,2637
TTLAT,X1,OE,Q,f,16,1586
TTLAT,X2,D,Q,r,103,1394
TTLAT,X2,D,Q,f,146,808
TTLAT,X2,G,Q,r,198,1394
TTLAT,X2,G,Q,f,162,807
TTLAT,X2,OE,Q,r,17,1372
TTLAT,X2,OE,Q,f,12,786
TTLAT,X4,D,Q,r,113,718
TTLAT,X4,D,Q,f,179,460
TTLAT,X4,G,Q,r,180,719
TTLAT,X4,G,Q,f,185,460
TTLAT,X4,OE,Q,r,21,708
TTLAT,X4,OE,Q,f,14,445
XNOR2,XL,A,Y,r,131,6246
XNOR2,XL,A,Y,f,124,3500
XNOR2,XL,B,Y,r,183,6252
XNOR2,XL,B,Y,f,192,3493
XNOR2,X1,A,Y,r,126,4522
XNOR2,X1,A,Y,f,111,2466
XNOR2,X1,B,Y,r,124,4520
XNOR2,X1,B,Y,f,139,2474
XNOR2,X2,A,Y,r,131,2249
XNOR2,X2,A,Y,f,101,1221
XNOR2,X2,B,Y,r,107,2249
XNOR2,X2,B,Y,f,123,1226
XNOR2,X4,A,Y,r,118,1214
XNOR2,X4,A,Y,f,103,576
XNOR2,X4,B,Y,r,105,1214
XNOR2,X4,B,Y,f,122,578
XOR2,XL,A,Y,r,130,6251
XOR2,XL,A,Y,f,125,3255
XOR2,XL,B,Y,r,177,6248
XOR2,XL,B,Y,f,183,3256
XOR2,X1,A,Y,r,117,4516
XOR2,X1,A,Y,f,114,2474
XOR2,X1,B,Y,r,121,4518
XOR2,X1,B,Y,f,140,2474
XOR2,X2,A,Y,r,122,2248
XOR2,X2,A,Y,f,113,1226
XOR2,X2,B,Y,r,106,2250
XOR2,X2,B,Y,f,127,1226
XOR2,X4,A,Y,r,105,1213
XOR2,X4,A,Y,f,107,578
XOR2,X4,B,Y,r,101,1214
XOR2,X4,B,Y,f,124,578
