cell,variant,pin,power,cap
ADDF,XL,A,1044,20
ADDF,XL,B,1668,20
ADDF,XL,CI,557,62
ADDF,X1,A,1083,70
ADDF,X1,B,1378,67
ADDF,X1,CI,580,61
ADDF,X2,A,1290,70
ADDF,X2,B,1771,67
ADDF,X2,CI,826,61
ADDF,X4,A,1978,70
ADDF,X4,B,2502,67
ADDF,X4,CI,1559,61
ADDFH,XL,A,1006,39
ADDFH,XL,B,889,79
ADDFH,XL,CI,574,21
ADDFH,X1,A,1259,61
ADDFH,X1,B,1151,138
ADDFH,X1,CI,673,41
ADDFH,X2,A,2494,116
ADDFH,X2,B,2144,260
ADDFH,X2,CI,1162,80
ADDFH,X4,A,2886,116
ADDFH,X4,B,2538,260
ADDFH,X4,CI,1551,81
ADDH,XL,A,576,47
ADDH,XL,B,423,59
ADDH,X1,A,1026,104
ADDH,X1,B,540,82
ADDH,X2,A,1844,213
ADDH,X2,B,1018,126
ADDH,X4,A,3550,415
ADDH,X4,B,1779,241
AND2,XL,A,176,21
AND2,XL,B,199,21
AND2,X1,A,200,19
AND2,X1,B,228,20
AND2,X2,A,286,32
AND2,X2,B,315,33
AND2,X4,A,503,58
AND2,X4,B,598,63
AND3,XL,A,187,26
AND3,XL,B,210,24
AND3,XL,C,241,24
AND3,X1,A,209,23
AND3,X1,B,229,22
AND3,X1,C,250,22
AND3,X2,A,319,35
AND3,X2,B,359,36
AND3,X2,C,405,37
AND3,X4,A,606,68
AND3,X4,B,688,74
AND3,X4,C,763,81
AND4,XL,A,184,25
AND4,XL,B,208,24
AND4,XL,C,242,25
AND4,XL,D,266,25
AND4,X1,A,198,23
AND4,X1,B,233,21
AND4,X1,C,253,22
AND4,X1,D,276,23
AND4,X2,A,340,37
AND4,X2,B,388,36
AND4,X2,C,433,38
AND4,X2,D,480,38
AND4,X4,A,606,68
AND4,X4,B,688,69
AND4,X4,C,803,75
AND4,X4,D,889,82
AOI21,XL,A0,142,32
AOI21,XL,A1,182,32
AOI21,XL,B0,137,32
AOI21,X1,A0,196,45
AOI21,X1,A1,238,44
AOI21,X1,B0,185,43
AOI21,X2,A0,395,94
AOI21,X2,A1,505,88
AOI21,X2,B0,368,83
AOI21,X4,A0,737,174
AOI21,X4,A1,895,174
AOI21,X4,B0,679,154
AOI211,XL,A0,225,36
AOI211,XL,A1,254,35
AOI211,XL,B0,165,34
AOI211,XL,C0,203,33
AOI211,X1,A0,317,49
AOI211,X1,A1,358,48
AOI211,X1,B0,220,47
AOI211,X1,C0,276,45
AOI211,X2,A0,629,98
AOI211,X2,A1,741,94
AOI211,X2,B0,451,89
AOI211,X2,C0,571,93
AOI211,X4,A0,751,32
AOI211,X4,A1,823,32
AOI211,X4,B0,743,33
AOI211,X4,C0,779,31
AOI22,XL,A0,155,35
AOI22,XL,A1,187,35
AOI22,XL,B0,207,33
AOI22,XL,B1,238,32
AOI22,X1,A0,204,47
AOI22,X1,A1,255,46
AOI22,X1,B0,278,44
AOI22,X1,B1,324,44
AOI22,X2,A0,406,91
AOI22,X2,A1,485,96
AOI22,X2,B0,543,88
AOI22,X2,B1,639,90
AOI22,X4,A0,815,177
AOI22,X4,A1,975,181
AOI22,X4,B0,1105,173
AOI22,X4,B1,1269,174
AOI221,XL,A0,228,36
AOI221,XL,A1,257,36
AOI221,XL,B0,291,36
AOI221,XL,B1,321,36
AOI221,XL,C0,204,35
AOI221,X1,A0,304,50
AOI221,X1,A1,350,50
AOI221,X1,B0,392,49
AOI221,X1,B1,429,48
AOI221,X1,C0,270,48
AOI221,X2,A0,577,95
AOI221,X2,A1,665,98
AOI221,X2,B0,754,96
AOI221,X2,B1,837,97
AOI221,X2,C0,510,91
AOI221,X4,A0,759,34
AOI221,X4,A1,806,32
AOI221,X4,B0,812,33
AOI221,X4,B1,854,32
AOI221,X4,C0,746,32
AOI222,XL,A0,242,37
AOI222,XL,A1,271,37
AOI222,XL,B0,303,35
AOI222,XL,B1,338,35
AOI222,XL,C0,364,35
AOI222,XL,C1,396,34
AOI222,X1,A0,324,51
AOI222,X1,A1,366,51
AOI222,X1,B0,410,50
AOI222,X1,B1,455,49
AOI222,X1,C0,490,49
AOI222,X1,C1,533,48
AOI222,X2,A0,575,100
AOI222,X2,A1,669,103
AOI222,X2,B0,758,96
AOI222,X2,B1,835,98
AOI222,X2,C0,922,96
AOI222,X2,C1,1028,97
AOI222,X4,A0,791,34
AOI222,X4,A1,814,34
AOI222,X4,B0,851,32
AOI222,X4,B1,888,31
AOI222,X4,C0,877,32
AOI222,X4,C1,918,32
AOI2BB1,XL,A0N,195,25
AOI2BB1,XL,A1N,212,22
AOI2BB1,XL,B0,132,32
AOI2BB1,X1,A0N,225,24
AOI2BB1,X1,A1N,244,24
AOI2BB1,X1,B0,175,41
AOI2BB1,X2,A0N,343,42
AOI2BB1,X2,A1N,401,43
AOI2BB1,X2,B0,332,84
AOI2BB1,X4,A0N,689,79
AOI2BB1,X4,A1N,778,79
AOI2BB1,X4,B0,664,156
AOI2BB2,XL,A0N,192,25
AOI2BB2,XL,A1N,211,23
AOI2BB2,XL,B0,154,34
AOI2BB2,XL,B1,192,33
AOI2BB2,X1,A0N,205,24
AOI2BB2,X1,A1N,225,21
AOI2BB2,X1,B0,205,46
AOI2BB2,X1,B1,249,46
AOI2BB2,X2,A0N,334,43
AOI2BB2,X2,A1N,381,41
AOI2BB2,X2,B0,413,92
AOI2BB2,X2,B1,498,98
AOI2BB2,X4,A0N,643,77
AOI2BB2,X4,A1N,736,81
AOI2BB2,X4,B0,774,171
AOI2BB2,X4,B1,934,176
AOI31,XL,A0,162,35
AOI31,XL,A1,200,35
AOI31,XL,A2,236,34
AOI31,XL,B0,179,32
AOI31,X1,A0,210,48
AOI31,X1,A1,269,48
AOI31,X1,A2,321,47
AOI31,X1,B0,247,44
AOI31,X2,A0,478,107
AOI31,X2,A1,562,99
AOI31,X2,A2,654,95
AOI31,X2,B0,497,83
AOI31,X4,A0,693,33
AOI31,X4,A1,740,32
AOI31,X4,A2,771,32
AOI31,X4,B0,704,31
AOI32,XL,A0,227,36
AOI32,XL,A1,269,36
AOI32,XL,A2,294,34
AOI32,XL,B0,199,35
AOI32,XL,B1,240,36
AOI32,X1,A0,300,48
AOI32,X1,A1,349,48
AOI32,X1,A2,393,47
AOI32,X1,B0,272,46
AOI32,X1,B1,310,47
AOI32,X2,A0,594,94
AOI32,X2,A1,686,98
AOI32,X2,A2,784,100
AOI32,X2,B0,536,92
AOI32,X2,B1,613,95
AOI32,X4,A0,754,33
AOI32,X4,A1,797,33
AOI32,X4,A2,813,32
AOI32,X4,B0,710,33
AOI32,X4,B1,771,32
AOI33,XL,A0,213,36
AOI33,XL,A1,254,36
AOI33,XL,A2,288,36
AOI33,XL,B0,284,34
AOI33,XL,B1,325,34
AOI33,XL,B2,361,34
AOI33,X1,A0,305,49
AOI33,X1,A1,353,50
AOI33,X1,A2,398,50
AOI33,X1,B0,389,48
AOI33,X1,B1,445,47
AOI33,X1,B2,494,46
AOI33,X2,A0,610,98
AOI33,X2,A1,701,103
AOI33,X2,A2,793,108
AOI33,X2,B0,784,92
AOI33,X2,B1,914,98
AOI33,X2,B2,1016,102
AOI33,X4,A0,746,33
AOI33,X4,A1,782,34
AOI33,X4,A2,833,36
AOI33,X4,B0,866,33
AOI33,X4,B1,880,33
AOI33,X4,B2,916,31
BUF,XL,A,146,21
BUF,X1,A,168,21
BUF,X2,A,283,32
BUF,X3,A,374,43
BUF,X4,A,481,56
BUF,X8,A,920,107
BUF,X12,A,1401,160
BUF,X16,A,1845,211
BUF,X20,A,2186,265
CLKBUF,XL,A,159,19
CLKBUF,X1,A,201,33
CLKBUF,X2,A,246,29
CLKBUF,X3,A,298,32
CLKBUF,X4,A,377,40
CLKBUF,X8,A,754,78
CLKBUF,X12,A,1778,189
CLKBUF,X16,A,2394,225
CLKBUF,X20,A,2860,311
CLKINV,XL,A,88,26
CLKINV,X1,A,104,31
CLKINV,X2,A,183,58
CLKINV,X3,A,264,84
CLKINV,X4,A,322,108
CLKINV,X8,A,695,228
CLKINV,X12,A,2398,69
CLKINV,X16,A,3204,87
CLKINV,X20,A,3952,107
DFF,XL,D,306,33
DFF,XL,CK,335,20
DFF,XL,Q,260,
DFF,X1,D,276,20
DFF,X1,CK,318,26
DFF,X1,Q,346,
DFF,X2,D,368,24
DFF,X2,CK,396,38
DFF,X2,Q,614,
DFF,X4,D,606,38
DFF,X4,CK,579,59
DFF,X4,Q,1091,
DFFHQ,XL,D,354,35
DFFHQ,XL,CK,346,22
DFFHQ,XL,Q,133,
DFFHQ,X1,D,355,22
DFFHQ,X1,CK,328,29
DFFHQ,X1,Q,176,
DFFHQ,X2,D,514,22
DFFHQ,X2,CK,388,36
DFFHQ,X2,Q,285,
DFFHQ,X4,D,669,31
DFFHQ,X4,CK,496,52
DFFHQ,X4,Q,422,
DFFN,XL,D,319,29
DFFN,XL,CKN,314,21
DFFN,XL,Q,370,
DFFN,X1,D,285,18
DFFN,X1,CKN,347,28
DFFN,X1,Q,420,
DFFN,X2,D,370,22
DFFN,X2,CKN,487,37
DFFN,X2,Q,695,
DFFN,X4,D,565,28
DFFN,X4,CKN,739,61
DFFN,X4,Q,1176,
DFFNR,XL,D,334,33
DFFNR,XL,CKN,360,23
DFFNR,XL,RN,164,21
DFFNR,XL,Q,445,
DFFNR,X1,D,265,20
DFFNR,X1,CKN,343,28
DFFNR,X1,RN,182,26
DFFNR,X1,Q,517,
DFFNR,X2,D,342,21
DFFNR,X2,CKN,444,30
DFFNR,X2,RN,216,33
DFFNR,X2,Q,810,
DFFNR,X4,D,414,27
DFFNR,X4,CKN,523,38
DFFNR,X4,RN,328,55
DFFNR,X4,Q,1344,
DFFNS,XL,D,315,28
DFFNS,XL,CKN,338,20
DFFNS,XL,SN,50,47
DFFNS,XL,Q,422,
DFFNS,X1,D,243,17
DFFNS,X1,CKN,324,25
DFFNS,X1,SN,59,52
DFFNS,X1,Q,501,
DFFNS,X2,D,282,17
DFFNS,X2,CKN,359,28
DFFNS,X2,SN,92,69
DFFNS,X2,Q,812,
DFFNS,X4,D,359,20
DFFNS,X4,CKN,461,33
DFFNS,X4,SN,166,117
DFFNS,X4,Q,1325,
DFFNSR,XL,D,390,31
DFFNSR,XL,CKN,344,19
DFFNSR,XL,SN,51,61
DFFNSR,XL,RN,182,22
DFFNSR,XL,Q,453,
DFFNSR,X1,D,318,19
DFFNSR,X1,CKN,342,27
DFFNSR,X1,SN,56,65
DFFNSR,X1,RN,197,25
DFFNSR,X1,Q,539,
DFFNSR,X2,D,360,18
DFFNSR,X2,CKN,392,27
DFFNSR,X2,SN,92,88
DFFNSR,X2,RN,234,35
DFFNSR,X2,Q,814,
DFFNSR,X4,D,500,30
DFFNSR,X4,CKN,551,39
DFFNSR,X4,SN,170,149
DFFNSR,X4,RN,397,57
DFFNSR,X4,Q,1465,
DFFR,XL,D,326,32
DFFR,XL,CK,365,21
DFFR,XL,RN,162,20
DFFR,XL,Q,347,
DFFR,X1,D,276,21
DFFR,X1,CK,349,28
DFFR,X1,RN,183,26
DFFR,X1,Q,403,
DFFR,X2,D,331,21
DFFR,X2,CK,395,30
DFFR,X2,RN,213,33
DFFR,X2,Q,817,
DFFR,X4,D,417,27
DFFR,X4,CK,444,38
DFFR,X4,RN,321,55
DFFR,X4,Q,1302,
DFFRHQ,XL,D,332,32
DFFRHQ,XL,CK,337,20
DFFRHQ,XL,RN,210,24
DFFRHQ,XL,Q,218,
DFFRHQ,X1,D,381,19
DFFRHQ,X1,CK,340,30
DFFRHQ,X1,RN,252,39
DFFRHQ,X1,Q,266,
DFFRHQ,X2,D,586,26
DFFRHQ,X2,CK,432,41
DFFRHQ,X2,RN,354,54
DFFRHQ,X2,Q,374,
DFFRHQ,X4,D,913,43
DFFRHQ,X4,CK,615,62
DFFRHQ,X4,RN,548,93
DFFRHQ,X4,Q,592,
DFFS,XL,D,311,32
DFFS,XL,CK,318,21
DFFS,XL,SN,53,50
DFFS,XL,Q,335,
DFFS,X1,D,242,19
DFFS,X1,CK,293,27
DFFS,X1,SN,60,54
DFFS,X1,Q,385,
DFFS,X2,D,275,19
DFFS,X2,CK,307,28
DFFS,X2,SN,102,73
DFFS,X2,Q,706,
DFFS,X4,D,340,22
DFFS,X4,CK,380,34
DFFS,X4,SN,168,121
DFFS,X4,Q,1293,
DFFSHQ,XL,D,352,33
DFFSHQ,XL,CK,333,21
DFFSHQ,XL,SN,91,79
DFFSHQ,XL,Q,214,
DFFSHQ,X1,D,378,19
DFFSHQ,X1,CK,335,28
DFFSHQ,X1,SN,102,85
DFFSHQ,X1,Q,238,
DFFSHQ,X2,D,538,25
DFFSHQ,X2,CK,393,37
DFFSHQ,X2,SN,173,135
DFFSHQ,X2,Q,333,
DFFSHQ,X4,D,822,37
DFFSHQ,X4,CK,590,55
DFFSHQ,X4,SN,315,214
DFFSHQ,X4,Q,560,
DFFSR,XL,D,378,30
DFFSR,XL,CK,362,24
DFFSR,XL,SN,58,60
DFFSR,XL,RN,174,22
DFFSR,XL,Q,339,
DFFSR,X1,D,309,19
DFFSR,X1,CK,336,29
DFFSR,X1,SN,62,65
DFFSR,X1,RN,192,24
DFFSR,X1,Q,432,
DFFSR,X2,D,353,19
DFFSR,X2,CK,356,30
DFFSR,X2,SN,98,87
DFFSR,X2,RN,231,36
DFFSR,X2,Q,756,
DFFSR,X4,D,497,30
DFFSR,X4,CK,466,39
DFFSR,X4,SN,177,149
DFFSR,X4,RN,396,59
DFFSR,X4,Q,1400,
DFFSRHQ,XL,D,358,34
DFFSRHQ,XL,CK,352,21
DFFSRHQ,XL,SN,93,115
DFFSRHQ,XL,RN,246,25
DFFSRHQ,XL,Q,234,
DFFSRHQ,X1,D,401,23
DFFSRHQ,X1,CK,343,31
DFFSRHQ,X1,SN,104,115
DFFSRHQ,X1,RN,278,38
DFFSRHQ,X1,Q,257,
DFFSRHQ,X2,D,657,31
DFFSRHQ,X2,CK,456,45
DFFSRHQ,X2,SN,172,167
DFFSRHQ,X2,RN,421,58
DFFSRHQ,X2,Q,434,
DFFSRHQ,X4,D,1125,49
DFFSRHQ,X4,CK,669,65
DFFSRHQ,X4,SN,316,276
DFFSRHQ,X4,RN,675,101
DFFSRHQ,X4,Q,734,
DFFTR,XL,D,300,29
DFFTR,XL,CK,332,21
DFFTR,XL,RN,325,25
DFFTR,XL,Q,237,
DFFTR,X1,D,286,22
DFFTR,X1,CK,340,29
DFFTR,X1,RN,303,19
DFFTR,X1,Q,293,
DFFTR,X2,D,351,21
DFFTR,X2,CK,406,40
DFFTR,X2,RN,373,19
DFFTR,X2,Q,606,
DFFTR,X4,D,575,32
DFFTR,X4,CK,578,62
DFFTR,X4,RN,593,28
DFFTR,X4,Q,1067,
DLY1,X1,A,304,18
DLY2,X1,A,347,18
DLY3,X1,A,416,18
DLY4,X1,A,490,18
EDFF,XL,D,342,28
EDFF,XL,CK,400,22
EDFF,XL,E,499,52
EDFF,XL,Q,265,
EDFF,X1,D,342,19
EDFF,X1,CK,389,29
EDFF,X1,E,467,43
EDFF,X1,Q,353,
EDFF,X2,D,446,23
EDFF,X2,CK,455,41
EDFF,X2,E,580,46
EDFF,X2,Q,624,
EDFF,X4,D,691,35
EDFF,X4,CK,645,66
EDFF,X4,E,865,58
EDFF,X4,Q,1137,
EDFFTR,XL,D,380,29
EDFFTR,XL,CK,432,23
EDFFTR,XL,E,548,56
EDFFTR,XL,RN,438,27
EDFFTR,XL,Q,254,
EDFFTR,X1,D,370,19
EDFFTR,X1,CK,421,31
EDFFTR,X1,E,490,45
EDFFTR,X1,RN,408,20
EDFFTR,X1,Q,333,
EDFFTR,X2,D,474,23
EDFFTR,X2,CK,503,42
EDFFTR,X2,E,624,49
EDFFTR,X2,RN,530,23
EDFFTR,X2,Q,615,
EDFFTR,X4,D,742,37
EDFFTR,X4,CK,724,64
EDFFTR,X4,E,948,61
EDFFTR,X4,RN,813,36
EDFFTR,X4,Q,1082,
HOLD,X1,Y,209,428
INV,XL,A,87,26
INV,X1,A,114,36
INV,X2,A,209,70
INV,X3,A,315,100
INV,X4,A,378,129
INV,X8,A,775,267
INV,X12,A,1665,67
INV,X16,A,2250,88
INV,X20,A,2804,109
JKFF,XL,J,295,22
JKFF,XL,K,261,28
JKFF,XL,CK,363,20
JKFF,XL,Q,351,
JKFF,X1,J,290,19
JKFF,X1,K,261,18
JKFF,X1,CK,350,28
JKFF,X1,Q,402,
JKFF,X2,J,395,19
JKFF,X2,K,359,22
JKFF,X2,CK,432,37
JKFF,X2,Q,785,
JKFF,X4,J,661,24
JKFF,X4,K,561,35
JKFF,X4,CK,638,68
JKFF,X4,Q,1293,
JKFFR,XL,J,278,28
JKFFR,XL,K,335,25
JKFFR,XL,CK,373,20
JKFFR,XL,RN,164,21
JKFFR,XL,Q,527,
JKFFR,X1,J,258,19
JKFFR,X1,K,298,23
JKFFR,X1,CK,366,25
JKFFR,X1,RN,175,26
JKFFR,X1,Q,562,
JKFFR,X2,J,272,18
JKFFR,X2,K,332,23
JKFFR,X2,CK,381,29
JKFFR,X2,RN,213,33
JKFFR,X2,Q,919,
JKFFR,X4,J,388,23
JKFFR,X4,K,454,24
JKFFR,X4,CK,456,39
JKFFR,X4,RN,349,56
JKFFR,X4,Q,1493,
JKFFS,XL,J,274,26
JKFFS,XL,K,387,23
JKFFS,XL,CK,384,21
JKFFS,XL,SN,51,51
JKFFS,XL,Q,489,
JKFFS,X1,J,240,17
JKFFS,X1,K,325,23
JKFFS,X1,CK,361,25
JKFFS,X1,SN,66,60
JKFFS,X1,Q,579,
JKFFS,X2,J,263,17
JKFFS,X2,K,360,23
JKFFS,X2,CK,365,28
JKFFS,X2,SN,95,79
JKFFS,X2,Q,851,
JKFFS,X4,J,302,20
JKFFS,X4,K,451,25
JKFFS,X4,CK,447,36
JKFFS,X4,SN,156,127
JKFFS,X4,Q,1570,
JKFFSR,XL,J,318,27
JKFFSR,XL,K,367,26
JKFFSR,XL,CK,382,19
JKFFSR,XL,SN,51,43
JKFFSR,XL,RN,138,23
JKFFSR,XL,Q,604,
JKFFSR,X1,J,277,17
JKFFSR,X1,K,314,26
JKFFSR,X1,CK,368,24
JKFFSR,X1,SN,60,49
JKFFSR,X1,RN,157,27
JKFFSR,X1,Q,672,
JKFFSR,X2,J,302,19
JKFFSR,X2,K,369,26
JKFFSR,X2,CK,388,28
JKFFSR,X2,SN,99,70
JKFFSR,X2,RN,210,38
JKFFSR,X2,Q,1016,
JKFFSR,X4,J,302,19
JKFFSR,X4,K,370,26
JKFFSR,X4,CK,390,28
JKFFSR,X4,SN,99,70
JKFFSR,X4,RN,210,38
JKFFSR,X4,Q,1515,
MX2,XL,S0,331,60
MX2,XL,A,223,22
MX2,XL,B,254,23
MX2,X1,S0,339,56
MX2,X1,A,269,32
MX2,X1,B,294,33
MX2,X2,S0,571,85
MX2,X2,A,476,57
MX2,X2,B,522,52
MX2,X4,S0,856,103
MX2,X4,A,697,71
MX2,X4,B,770,61
MX4,XL,S0,544,102
MX4,XL,S1,318,59
MX4,XL,A,333,20
MX4,XL,B,367,21
MX4,XL,C,388,19
MX4,XL,D,432,21
MX4,X1,S0,678,133
MX4,X1,S1,399,67
MX4,X1,A,444,43
MX4,X1,B,480,42
MX4,X1,C,506,42
MX4,X1,D,555,43
MX4,X2,S0,1150,228
MX4,X2,S1,645,110
MX4,X2,A,713,67
MX4,X2,B,799,65
MX4,X2,C,824,68
MX4,X2,D,909,66
MX4,X4,S0,1397,228
MX4,X4,S1,792,111
MX4,X4,A,981,67
MX4,X4,B,1091,65
MX4,X4,C,1120,68
MX4,X4,D,1207,66
MXI2,XL,S0,254,61
MXI2,XL,A,167,27
MXI2,XL,B,173,20
MXI2,X1,S0,288,67
MXI2,X1,A,204,39
MXI2,X1,B,249,39
MXI2,X2,S0,517,100
MXI2,X2,A,354,68
MXI2,X2,B,429,62
MXI2,X4,S0,954,207
MXI2,X4,A,755,133
MXI2,X4,B,891,134
MXI4,XL,S0,642,101
MXI4,XL,S1,341,44
MXI4,XL,A,440,21
MXI4,XL,B,477,20
MXI4,XL,C,383,21
MXI4,XL,D,395,21
MXI4,X1,S0,615,84
MXI4,X1,S1,348,42
MXI4,X1,A,465,26
MXI4,X1,B,489,25
MXI4,X1,C,400,26
MXI4,X1,D,417,25
MXI4,X2,S0,1027,138
MXI4,X2,S1,586,52
MXI4,X2,A,835,45
MXI4,X2,B,898,45
MXI4,X2,C,665,46
MXI4,X2,D,704,44
MXI4,X4,S0,1431,169
MXI4,X4,S1,825,62
MXI4,X4,A,1149,55
MXI4,X4,B,1200,57
MXI4,X4,C,937,57
MXI4,X4,D,1006,54
NAND2,XL,A,98,31
NAND2,XL,B,123,29
NAND2,X1,A,135,40
NAND2,X1,B,169,38
NAND2,X2,A,260,79
NAND2,X2,B,338,82
NAND2,X4,A,508,158
NAND2,X4,B,660,154
NAND2B,XL,AN,156,17
NAND2B,XL,B,101,30
NAND2B,X1,AN,184,17
NAND2B,X1,B,138,40
NAND2B,X2,AN,336,26
NAND2B,X2,B,252,83
NAND2B,X4,AN,657,47
NAND2B,X4,B,488,157
NAND3,XL,A,111,34
NAND3,XL,B,153,32
NAND3,XL,C,186,32
NAND3,X1,A,168,48
NAND3,X1,B,216,47
NAND3,X1,C,253,45
NAND3,X2,A,279,84
NAND3,X2,B,369,88
NAND3,X2,C,496,94
NAND3,X4,A,461,144
NAND3,X4,B,637,139
NAND3,X4,C,774,142
NAND3B,XL,AN,228,17
NAND3B,XL,B,128,33
NAND3B,XL,C,153,32
NAND3B,X1,AN,242,17
NAND3B,X1,B,168,47
NAND3B,X1,C,221,47
NAND3B,X2,AN,388,28
NAND3B,X2,B,295,88
NAND3B,X2,C,407,96
NAND3B,X4,AN,635,49
NAND3B,X4,B,485,138
NAND3B,X4,C,657,143
NAND4,XL,A,127,33
NAND4,XL,B,170,35
NAND4,XL,C,202,35
NAND4,XL,D,239,32
NAND4,X1,A,177,48
NAND4,X1,B,229,47
NAND4,X1,C,286,47
NAND4,X1,D,330,46
NAND4,X2,A,320,89
NAND4,X2,B,452,91
NAND4,X2,C,542,95
NAND4,X2,D,646,98
NAND4,X4,A,648,185
NAND4,X4,B,911,189
NAND4,X4,C,1096,194
NAND4,X4,D,1305,204
NAND4B,XL,AN,201,17
NAND4B,XL,B,145,34
NAND4B,XL,C,179,33
NAND4B,XL,D,213,31
NAND4B,X1,AN,238,17
NAND4B,X1,B,196,47
NAND4B,X1,C,252,47
NAND4B,X1,D,290,45
NAND4B,X2,AN,420,29
NAND4B,X2,B,350,91
NAND4B,X2,C,456,95
NAND4B,X2,D,540,100
NAND4B,X4,AN,841,52
NAND4B,X4,B,699,188
NAND4B,X4,C,850,194
NAND4B,X4,D,1080,206
NAND4BB,XL,AN,207,17
NAND4BB,XL,BN,246,17
NAND4BB,XL,C,153,34
NAND4BB,XL,D,184,33
NAND4BB,X1,AN,247,17
NAND4BB,X1,BN,305,17
NAND4BB,X1,C,199,48
NAND4BB,X1,D,245,47
NAND4BB,X2,AN,435,29
NAND4BB,X2,BN,533,29
NAND4BB,X2,C,370,96
NAND4BB,X2,D,470,101
NAND4BB,X4,AN,859,52
NAND4BB,X4,BN,1054,54
NAND4BB,X4,C,724,194
NAND4BB,X4,D,934,204
NOR2,XL,A,99,32
NOR2,XL,B,130,28
NOR2,X1,A,131,43
NOR2,X1,B,166,39
NOR2,X2,A,249,81
NOR2,X2,B,340,82
NOR2,X4,A,498,165
NOR2,X4,B,668,155
NOR2B,XL,AN,173,17
NOR2B,XL,B,126,31
NOR2B,X1,AN,203,17
NOR2B,X1,B,178,42
NOR2B,X2,AN,307,28
NOR2B,X2,B,331,84
NOR2B,X4,AN,631,49
NOR2B,X4,B,658,158
NOR3,XL,A,126,35
NOR3,XL,B,164,33
NOR3,XL,C,197,32
NOR3,X1,A,171,47
NOR3,X1,B,223,45
NOR3,X1,C,280,43
NOR3,X2,A,329,90
NOR3,X2,B,432,94
NOR3,X2,C,546,95
NOR3,X4,A,521,158
NOR3,X4,B,649,150
NOR3,X4,C,872,147
NOR3B,XL,AN,185,15
NOR3B,XL,B,166,33
NOR3B,XL,C,208,32
NOR3B,X1,AN,232,16
NOR3B,X1,B,227,45
NOR3B,X1,C,272,44
NOR3B,X2,AN,352,29
NOR3B,X2,B,424,90
NOR3B,X2,C,545,96
NOR3B,X4,AN,655,47
NOR3B,X4,B,692,156
NOR3B,X4,C,911,157
NOR4,XL,A,149,39
NOR4,XL,B,195,38
NOR4,XL,C,237,37
NOR4,XL,D,277,35
NOR4,X1,A,198,52
NOR4,X1,B,265,51
NOR4,X1,C,324,50
NOR4,X1,D,386,48
NOR4,X2,A,366,99
NOR4,X2,B,487,100
NOR4,X2,C,613,105
NOR4,X2,D,756,109
NOR4,X4,A,678,187
NOR4,X4,B,920,194
NOR4,X4,C,1110,192
NOR4,X4,D,1388,193
NOR4B,XL,AN,216,16
NOR4B,XL,B,198,37
NOR4B,XL,C,237,37
NOR4B,XL,D,279,37
NOR4B,X1,AN,261,19
NOR4B,X1,B,268,50
NOR4B,X1,C,323,50
NOR4B,X1,D,400,51
NOR4B,X2,AN,414,33
NOR4B,X2,B,513,100
NOR4B,X2,C,637,105
NOR4B,X2,D,768,107
NOR4B,X4,AN,734,52
NOR4B,X4,B,921,191
NOR4B,X4,C,1137,192
NOR4B,X4,D,1377,196
NOR4BB,XL,AN,209,17
NOR4BB,XL,BN,228,20
NOR4BB,XL,C,253,37
NOR4BB,XL,D,294,37
NOR4BB,X1,AN,266,19
NOR4BB,X1,BN,304,23
NOR4BB,X1,C,336,50
NOR4BB,X1,D,405,50
NOR4BB,X2,AN,412,33
NOR4BB,X2,BN,526,37
NOR4BB,X2,C,653,105
NOR4BB,X2,D,774,110
NOR4BB,X4,AN,733,52
NOR4BB,X4,BN,950,52
NOR4BB,X4,C,1158,192
NOR4BB,X4,D,1377,194
OAI21,XL,A0,165,33
OAI21,XL,A1,188,32
OAI21,XL,B0,133,30
OAI21,X1,A0,222,45
OAI21,X1,A1,257,43
OAI21,X1,B0,174,40
OAI21,X2,A0,417,94
OAI21,X2,A1,515,86
OAI21,X2,B0,323,78
OAI21,X4,A0,783,183
OAI21,X4,A1,954,174
OAI21,X4,B0,676,152
OAI211,XL,A0,230,35
OAI211,XL,A1,252,34
OAI211,XL,B0,146,32
OAI211,XL,C0,199,32
OAI211,X1,A0,296,49
OAI211,X1,A1,345,46
OAI211,X1,B0,210,43
OAI211,X1,C0,267,43
OAI211,X2,A0,568,100
OAI211,X2,A1,675,92
OAI211,X2,B0,379,82
OAI211,X2,C0,484,85
OAI211,X4,A0,791,32
OAI211,X4,A1,833,32
OAI211,X4,B0,674,32
OAI211,X4,C0,715,29
OAI22,XL,A0,156,34
OAI22,XL,A1,188,34
OAI22,XL,B0,231,34
OAI22,XL,B1,266,32
OAI22,X1,A0,202,47
OAI22,X1,A1,256,46
OAI22,X1,B0,301,46
OAI22,X1,B1,355,43
OAI22,X2,A0,411,95
OAI22,X2,A1,513,87
OAI22,X2,B0,577,92
OAI22,X2,B1,682,86
OAI22,X4,A0,832,182
OAI22,X4,A1,1014,174
OAI22,X4,B0,1155,181
OAI22,X4,B1,1336,175
OAI221,XL,A0,234,37
OAI221,XL,A1,262,36
OAI221,XL,B0,299,37
OAI221,XL,B1,337,34
OAI221,XL,C0,191,33
OAI221,X1,A0,311,51
OAI221,X1,A1,351,48
OAI221,X1,B0,402,50
OAI221,X1,B1,444,46
OAI221,X1,C0,262,43
OAI221,X2,A0,587,97
OAI221,X2,A1,690,97
OAI221,X2,B0,773,98
OAI221,X2,B1,846,95
OAI221,X2,C0,477,87
OAI221,X4,A0,730,34
OAI221,X4,A1,776,33
OAI221,X4,B0,831,33
OAI221,X4,B1,880,31
OAI221,X4,C0,664,31
OAI222,XL,A0,303,35
OAI222,XL,A1,336,36
OAI222,XL,B0,372,37
OAI222,XL,B1,404,35
OAI222,XL,C0,208,37
OAI222,XL,C1,249,35
OAI222,X1,A0,405,48
OAI222,X1,A1,442,48
OAI222,X1,B0,482,50
OAI222,X1,B1,534,47
OAI222,X1,C0,293,51
OAI222,X1,C1,326,48
OAI222,X2,A0,795,98
OAI222,X2,A1,874,97
OAI222,X2,B0,973,97
OAI222,X2,B1,1057,96
OAI222,X2,C0,559,97
OAI222,X2,C1,647,100
OAI222,X4,A0,807,34
OAI222,X4,A1,866,33
OAI222,X4,B0,895,33
OAI222,X4,B1,936,32
OAI222,X4,C0,701,35
OAI222,X4,C1,746,33
OAI2BB1,XL,A0N,205,19
OAI2BB1,XL,A1N,176,15
OAI2BB1,XL,B0,101,26
OAI2BB1,X1,A0N,229,18
OAI2BB1,X1,A1N,203,15
OAI2BB1,X1,B0,138,34
OAI2BB1,X2,A0N,395,33
OAI2BB1,X2,A1N,333,26
OAI2BB1,X2,B0,235,70
OAI2BB1,X4,A0N,739,56
OAI2BB1,X4,A1N,657,43
OAI2BB1,X4,B0,516,126
OAI2BB2,XL,A0N,224,20
OAI2BB2,XL,A1N,185,22
OAI2BB2,XL,B0,139,35
OAI2BB2,XL,B1,171,34
OAI2BB2,X1,A0N,255,19
OAI2BB2,X1,A1N,212,22
OAI2BB2,X1,B0,182,47
OAI2BB2,X1,B1,226,45
OAI2BB2,X2,A0N,471,35
OAI2BB2,X2,A1N,387,38
OAI2BB2,X2,B0,354,95
OAI2BB2,X2,B1,446,97
OAI2BB2,X4,A0N,941,78
OAI2BB2,X4,A1N,713,72
OAI2BB2,X4,B0,634,187
OAI2BB2,X4,B1,792,176
OAI31,XL,A0,171,37
OAI31,XL,A1,213,36
OAI31,XL,A2,253,35
OAI31,XL,B0,176,31
OAI31,X1,A0,228,49
OAI31,X1,A1,287,48
OAI31,X1,A2,333,47
OAI31,X1,B0,242,40
OAI31,X2,A0,454,97
OAI31,X2,A1,574,97
OAI31,X2,A2,671,100
OAI31,X2,B0,460,77
OAI31,X4,A0,758,35
OAI31,X4,A1,781,33
OAI31,X4,A2,826,34
OAI31,X4,B0,700,29
OAI32,XL,A0,253,37
OAI32,XL,A1,295,37
OAI32,XL,A2,333,35
OAI32,XL,B0,203,34
OAI32,XL,B1,237,34
OAI32,X1,A0,330,50
OAI32,X1,A1,385,49
OAI32,X1,A2,431,48
OAI32,X1,B0,273,47
OAI32,X1,B1,324,45
OAI32,X2,A0,661,95
OAI32,X2,A1,781,98
OAI32,X2,A2,887,99
OAI32,X2,B0,576,87
OAI32,X2,B1,689,91
OAI32,X4,A0,827,34
OAI32,X4,A1,900,34
OAI32,X4,A2,943,32
OAI32,X4,B0,711,34
OAI32,X4,B1,735,32
OAI33,XL,A0,247,38
OAI33,XL,A1,283,36
OAI33,XL,A2,320,37
OAI33,XL,B0,330,37
OAI33,XL,B1,372,36
OAI33,XL,B2,413,35
OAI33,X1,A0,328,51
OAI33,X1,A1,383,50
OAI33,X1,A2,429,50
OAI33,X1,B0,432,50
OAI33,X1,B1,488,49
OAI33,X1,B2,541,48
OAI33,X2,A0,650,97
OAI33,X2,A1,763,99
OAI33,X2,A2,882,108
OAI33,X2,B0,874,95
OAI33,X2,B1,996,99
OAI33,X2,B2,1107,99
OAI33,X4,A0,777,36
OAI33,X4,A1,833,33
OAI33,X4,A2,864,32
OAI33,X4,B0,915,35
OAI33,X4,B1,933,33
OAI33,X4,B2,981,34
NOR2,XL,A,163,24
NOR2,XL,B,190,24
NOR2,X1,A,191,24
NOR2,X1,B,214,25
NOR2,X2,A,309,35
NOR2,X2,B,356,34
NOR2,X4,A,553,61
NOR2,X4,B,620,61
NOR3,XL,A,170,25
NOR3,XL,B,202,25
NOR3,XL,C,215,24
NOR3,X1,A,210,25
NOR3,X1,B,232,25
NOR3,X1,C,254,24
NOR3,X2,A,349,38
NOR3,X2,B,410,37
NOR3,X2,C,450,37
NOR3,X4,A,633,76
NOR3,X4,B,730,79
NOR3,X4,C,829,81
NOR4,XL,A,191,28
NOR4,XL,B,224,25
NOR4,XL,C,249,28
NOR4,XL,D,278,28
NOR4,X1,A,234,28
NOR4,X1,B,260,25
NOR4,X1,C,294,28
NOR4,X1,D,322,28
NOR4,X2,A,369,43
NOR4,X2,B,416,41
NOR4,X2,C,462,40
NOR4,X2,D,523,40
NOR4,X4,A,681,84
NOR4,X4,B,793,87
NOR4,X4,C,904,88
NOR4,X4,D,1025,99
RSLAT,XL,S,82,20
RSLAT,XL,R,92,22
RSLAT,XL,Q,338,
RSLAT,X1,S,90,21
RSLAT,X1,R,99,22
RSLAT,X1,Q,449,
RSLAT,X2,S,114,25
RSLAT,X2,R,127,26
RSLAT,X2,Q,826,
RSLAT,X4,S,211,45
RSLAT,X4,R,224,46
RSLAT,X4,Q,1450,
RSLATN,XL,SN,99,20
RSLATN,XL,RN,101,22
RSLATN,XL,Q,389,
RSLATN,X1,SN,111,21
RSLATN,X1,RN,103,22
RSLATN,X1,Q,498,
RSLATN,X2,SN,146,27
RSLATN,X2,RN,159,29
RSLATN,X2,Q,856,
RSLATN,X4,SN,287,49
RSLATN,X4,RN,286,50
RSLATN,X4,Q,1488,
SDFF,XL,SI,399,23
SDFF,XL,SE,468,46
SDFF,XL,D,344,28
SDFF,XL,CK,400,20
SDFF,XL,Q,208,
SDFF,X1,SI,381,21
SDFF,X1,SE,433,39
SDFF,X1,D,329,17
SDFF,X1,CK,390,27
SDFF,X1,Q,279,
SDFF,X2,SI,466,22
SDFF,X2,SE,523,41
SDFF,X2,D,415,21
SDFF,X2,CK,446,38
SDFF,X2,Q,531,
SDFF,X4,SI,749,21
SDFF,X4,SE,767,48
SDFF,X4,D,638,32
SDFF,X4,CK,621,60
SDFF,X4,Q,1023,
SDFFHQ,XL,SI,440,22
SDFFHQ,XL,SE,499,44
SDFFHQ,XL,D,387,25
SDFFHQ,XL,CK,404,21
SDFFHQ,XL,Q,86,
SDFFHQ,X1,SI,476,22
SDFFHQ,X1,SE,528,39
SDFFHQ,X1,D,434,18
SDFFHQ,X1,CK,406,28
SDFFHQ,X1,Q,105,
SDFFHQ,X2,SI,623,22
SDFFHQ,X2,SE,696,40
SDFFHQ,X2,D,562,20
SDFFHQ,X2,CK,456,35
SDFFHQ,X2,Q,225,
SDFFHQ,X4,SI,837,21
SDFFHQ,X4,SE,897,45
SDFFHQ,X4,D,754,27
SDFFHQ,X4,CK,566,50
SDFFHQ,X4,Q,380,
SDFFN,XL,SI,404,22
SDFFN,XL,SE,479,44
SDFFN,XL,D,350,25
SDFFN,XL,CKN,336,20
SDFFN,XL,Q,372,
SDFFN,X1,SI,391,20
SDFFN,X1,SE,444,38
SDFFN,X1,D,338,16
SDFFN,X1,CKN,362,27
SDFFN,X1,Q,426,
SDFFN,X2,SI,475,21
SDFFN,X2,SE,532,39
SDFFN,X2,D,424,19
SDFFN,X2,CKN,501,38
SDFFN,X2,Q,671,
SDFFN,X4,SI,745,20
SDFFN,X4,SE,764,45
SDFFN,X4,D,634,29
SDFFN,X4,CKN,758,60
SDFFN,X4,Q,1159,
SDFFNR,XL,SI,429,19
SDFFNR,XL,SE,494,45
SDFFNR,XL,D,369,26
SDFFNR,XL,CNK,374,22
SDFFNR,XL,RN,167,21
SDFFNR,XL,Q,448,
SDFFNR,X1,SI,391,19
SDFFNR,X1,SE,445,39
SDFFNR,X1,D,334,18
SDFFNR,X1,CKN,366,27
SDFFNR,X1,RN,184,26
SDFFNR,X1,Q,516,
SDFFNR,X2,SI,457,21
SDFFNR,X2,SE,542,43
SDFFNR,X2,D,409,18
SDFFNR,X2,CKN,464,32
SDFFNR,X2,RN,216,33
SDFFNR,X2,Q,811,
SDFFNR,X4,SI,536,20
SDFFNR,X4,SE,590,45
SDFFNR,X4,D,465,23
SDFFNR,X4,CKN,546,37
SDFFNR,X4,RN,323,54
SDFFNR,X4,Q,1348,
SDFFNS,XL,SI,417,19
SDFFNS,XL,SE,476,45
SDFFNS,XL,D,355,25
SDFFNS,XL,CKN,351,20
SDFFNS,XL,SN,50,47
SDFFNS,XL,Q,424,
SDFFNS,X1,SI,355,19
SDFFNS,X1,SE,401,39
SDFFNS,X1,D,307,17
SDFFNS,X1,CKN,339,26
SDFFNS,X1,SN,59,52
SDFFNS,X1,Q,501,
SDFFNS,X2,SI,389,19
SDFFNS,X2,SE,436,39
SDFFNS,X2,D,342,16
SDFFNS,X2,CKN,368,26
SDFFNS,X2,SN,92,69
SDFFNS,X2,Q,772,
SDFFNS,X4,SI,472,19
SDFFNS,X4,SE,518,42
SDFFNS,X4,D,415,18
SDFFNS,X4,CKN,480,34
SDFFNS,X4,SN,166,117
SDFFNS,X4,Q,1334,
SDFFNSR,XL,SI,441,19
SDFFNSR,XL,SE,508,42
SDFFNSR,XL,D,384,21
SDFFNSR,XL,CKN,348,22
SDFFNSR,XL,SN,51,61
SDFFNSR,XL,RN,176,21
SDFFNSR,XL,Q,450,
SDFFNSR,X1,SI,390,18
SDFFNSR,X1,SE,454,39
SDFFNSR,X1,D,337,15
SDFFNSR,X1,CKN,346,27
SDFFNSR,X1,SN,56,66
SDFFNSR,X1,RN,196,24
SDFFNSR,X1,Q,535,
SDFFNSR,X2,SI,443,18
SDFFNSR,X2,SE,503,40
SDFFNSR,X2,D,388,16
SDFFNSR,X2,CKN,385,27
SDFFNSR,X2,SN,92,88
SDFFNSR,X2,RN,234,35
SDFFNSR,X2,Q,828,
SDFFNSR,X4,SI,567,18
SDFFNSR,X4,SE,627,44
SDFFNSR,X4,D,504,23
SDFFNSR,X4,CKN,542,40
SDFFNSR,X4,SN,170,148
SDFFNSR,X4,RN,402,60
SDFFNSR,X4,Q,1441,
SDFFR,XL,SI,420,21
SDFFR,XL,SE,484,47
SDFFR,XL,D,361,28
SDFFR,XL,CK,436,22
SDFFR,XL,RN,165,20
SDFFR,XL,Q,282,
SDFFR,X1,SI,391,22
SDFFR,X1,SE,442,41
SDFFR,X1,D,334,20
SDFFR,X1,CK,420,27
SDFFR,X1,RN,185,25
SDFFR,X1,Q,343,
SDFFR,X2,SI,443,23
SDFFR,X2,SE,525,45
SDFFR,X2,D,395,20
SDFFR,X2,CK,481,32
SDFFR,X2,RN,213,33
SDFFR,X2,Q,817,
SDFFR,X4,SI,535,22
SDFFR,X4,SE,590,47
SDFFR,X4,D,464,25
SDFFR,X4,CK,498,37
SDFFR,X4,RN,313,54
SDFFR,X4,Q,1210,
SDFFRHQ,XL,SI,434,21
SDFFRHQ,XL,SE,520,48
SDFFRHQ,XL,D,369,27
SDFFRHQ,XL,CK,416,20
SDFFRHQ,XL,RN,212,23
SDFFRHQ,XL,Q,136,
SDFFRHQ,X1,SI,523,21
SDFFRHQ,X1,SE,598,41
SDFFRHQ,X1,D,465,19
SDFFRHQ,X1,CK,419,29
SDFFRHQ,X1,RN,253,39
SDFFRHQ,X1,Q,183,
SDFFRHQ,X2,SI,756,21
SDFFRHQ,X2,SE,828,45
SDFFRHQ,X2,D,673,22
SDFFRHQ,X2,CK,496,39
SDFFRHQ,X2,RN,351,53
SDFFRHQ,X2,Q,318,
SDFFRHQ,X4,SI,1129,21
SDFFRHQ,X4,SE,1146,52
SDFFRHQ,X4,D,975,36
SDFFRHQ,X4,CK,664,60
SDFFRHQ,X4,RN,543,93
SDFFRHQ,X4,Q,535,
SDFFS,XL,SI,405,21
SDFFS,XL,SE,466,47
SDFFS,XL,D,339,27
SDFFS,XL,CK,377,20
SDFFS,XL,SN,50,50
SDFFS,XL,Q,283,
SDFFS,X1,SI,354,20
SDFFS,X1,SE,398,42
SDFFS,X1,D,298,17
SDFFS,X1,CK,397,28
SDFFS,X1,SN,60,54
SDFFS,X1,Q,288,
SDFFS,X2,SI,390,20
SDFFS,X2,SE,437,42
SDFFS,X2,D,340,17
SDFFS,X2,CK,430,28
SDFFS,X2,SN,102,73
SDFFS,X2,Q,596,
SDFFS,X4,SI,458,21
SDFFS,X4,SE,501,44
SDFFS,X4,D,396,19
SDFFS,X4,CK,451,35
SDFFS,X4,SN,169,125
SDFFS,X4,Q,1160,
SDFFSHQ,XL,SI,457,21
SDFFSHQ,XL,SE,527,48
SDFFSHQ,XL,D,392,27
SDFFSHQ,XL,CK,387,21
SDFFSHQ,XL,SN,91,79
SDFFSHQ,XL,Q,152,
SDFFSHQ,X1,SI,507,23
SDFFSHQ,X1,SE,559,43
SDFFSHQ,X1,D,462,18
SDFFSHQ,X1,CK,394,28
SDFFSHQ,X1,SN,102,85
SDFFSHQ,X1,Q,177,
SDFFSHQ,X2,SI,682,21
SDFFSHQ,X2,SE,739,44
SDFFSHQ,X2,D,605,21
SDFFSHQ,X2,CK,467,36
SDFFSHQ,X2,SN,173,135
SDFFSHQ,X2,Q,261,
SDFFSHQ,X4,SI,1048,22
SDFFSHQ,X4,SE,1061,50
SDFFSHQ,X4,D,871,30
SDFFSHQ,X4,CK,649,56
SDFFSHQ,X4,SN,317,215
SDFFSHQ,X4,Q,513,
SDFFSR,XL,SI,438,20
SDFFSR,XL,SE,504,44
SDFFSR,XL,D,380,23
SDFFSR,XL,CK,382,24
SDFFSR,XL,SN,58,60
SDFFSR,XL,RN,173,22
SDFFSR,XL,Q,312,
SDFFSR,X1,SI,376,19
SDFFSR,X1,SE,448,41
SDFFSR,X1,D,331,17
SDFFSR,X1,CK,375,29
SDFFSR,X1,SN,62,64
SDFFSR,X1,RN,191,24
SDFFSR,X1,Q,382,
SDFFSR,X2,SI,425,19
SDFFSR,X2,SE,495,42
SDFFSR,X2,D,379,18
SDFFSR,X2,CK,377,29
SDFFSR,X2,SN,98,87
SDFFSR,X2,RN,229,35
SDFFSR,X2,Q,718,
SDFFSR,X4,SI,557,20
SDFFSR,X4,SE,619,46
SDFFSR,X4,D,495,25
SDFFSR,X4,CK,477,40
SDFFSR,X4,SN,177,148
SDFFSR,X4,RN,400,60
SDFFSR,X4,Q,1354,
SDFFSRHQ,XL,SI,480,20
SDFFSRHQ,XL,SE,537,54
SDFFSRHQ,XL,D,408,27
SDFFSRHQ,XL,CK,429,22
SDFFSRHQ,XL,SN,92,105
SDFFSRHQ,XL,RN,240,22
SDFFSRHQ,XL,Q,160,
SDFFSRHQ,X1,SI,534,20
SDFFSRHQ,X1,SE,599,49
SDFFSRHQ,X1,D,475,18
SDFFSRHQ,X1,CK,410,28
SDFFSRHQ,X1,SN,103,112
SDFFSRHQ,X1,RN,267,35
SDFFSRHQ,X1,Q,192,
SDFFSRHQ,X2,SI,752,20
SDFFSRHQ,X2,SE,888,51
SDFFSRHQ,X2,D,711,26
SDFFSRHQ,X2,CK,524,43
SDFFSRHQ,X2,SN,173,166
SDFFSRHQ,X2,RN,418,57
SDFFSRHQ,X2,Q,365,
SDFFSRHQ,X4,SI,1225,21
SDFFSRHQ,X4,SE,1352,58
SDFFSRHQ,X4,D,1124,43
SDFFSRHQ,X4,CK,735,64
SDFFSRHQ,X4,SN,310,272
SDFFSRHQ,X4,RN,671,100
SDFFSRHQ,X4,Q,653,
SDFFTR,XL,SI,418,22
SDFFTR,XL,SE,495,48
SDFFTR,XL,D,353,24
SDFFTR,XL,CK,431,20
SDFFTR,XL,RN,392,27
SDFFTR,XL,Q,142,
SDFFTR,X1,SI,398,22
SDFFTR,X1,SE,453,41
SDFFTR,X1,D,344,17
SDFFTR,X1,CK,415,28
SDFFTR,X1,RN,378,18
SDFFTR,X1,Q,220,
SDFFTR,X2,SI,487,21
SDFFTR,X2,SE,541,44
SDFFTR,X2,D,427,19
SDFFTR,X2,CK,500,39
SDFFTR,X2,RN,469,20
SDFFTR,X2,Q,522,
SDFFTR,X4,SI,753,23
SDFFTR,X4,SE,781,52
SDFFTR,X4,D,620,25
SDFFTR,X4,CK,664,64
SDFFTR,X4,RN,673,38
SDFFTR,X4,Q,944,
SEDFF,XL,SI,460,20
SEDFF,XL,SE,546,39
SEDFF,XL,D,386,19
SEDFF,XL,CK,621,20
SEDFF,XL,E,528,47
SEDFF,XL,Q,26,
SEDFF,X1,SI,483,17
SEDFF,X1,SE,566,38
SEDFF,X1,D,421,17
SEDFF,X1,CK,676,29
SEDFF,X1,E,561,44
SEDFF,X1,Q,61,
SEDFF,X2,SI,619,21
SEDFF,X2,SE,701,43
SEDFF,X2,D,532,21
SEDFF,X2,CK,849,39
SEDFF,X2,E,675,48
SEDFF,X2,Q,249,
SEDFF,X4,SI,884,33
SEDFF,X4,SE,981,50
SEDFF,X4,D,748,32
SEDFF,X4,CK,1243,66
SEDFF,X4,E,949,57
SEDFF,X4,Q,498,
SEDFFHQ,XL,SI,529,21
SEDFFHQ,XL,SE,742,20
SEDFFHQ,XL,D,726,26
SEDFFHQ,XL,CK,581,20
SEDFFHQ,XL,E,937,20
SEDFFHQ,XL,Q,46,
SEDFFHQ,X1,SI,641,21
SEDFFHQ,X1,SE,837,20
SEDFFHQ,X1,D,830,29
SEDFFHQ,X1,CK,756,34
SEDFFHQ,X1,E,984,21
SEDFFHQ,X1,Q,54,
SEDFFHQ,X2,SI,822,21
SEDFFHQ,X2,SE,1010,20
SEDFFHQ,X2,D,999,29
SEDFFHQ,X2,CK,1019,45
SEDFFHQ,X2,E,1171,21
SEDFFHQ,X2,Q,107,
SEDFFHQ,X4,SI,1202,21
SEDFFHQ,X4,SE,1399,20
SEDFFHQ,X4,D,1385,29
SEDFFHQ,X4,CK,1488,64
SEDFFHQ,X4,E,1510,21
SEDFFHQ,X4,Q,158,
SEDFFTR,XL,SI,557,22
SEDFFTR,XL,SE,801,39
SEDFFTR,XL,D,727,20
SEDFFTR,XL,CK,624,19
SEDFFTR,XL,E,932,20
SEDFFTR,XL,RN,510,26
SEDFFTR,XL,Q,37,
SEDFFTR,X1,SI,692,22
SEDFFTR,X1,SE,918,39
SEDFFTR,X1,D,915,30
SEDFFTR,X1,CK,865,35
SEDFFTR,X1,E,1116,21
SEDFFTR,X1,RN,669,26
SEDFFTR,X1,Q,17,
SEDFFTR,X2,SI,692,22
SEDFFTR,X2,SE,918,39
SEDFFTR,X2,D,914,30
SEDFFTR,X2,CK,866,35
SEDFFTR,X2,E,1119,21
SEDFFTR,X2,RN,669,26
SEDFFTR,X2,Q,234,
SEDFFTR,X4,SI,692,22
SEDFFTR,X4,SE,919,39
SEDFFTR,X4,D,918,30
SEDFFTR,X4,CK,869,35
SEDFFTR,X4,E,1107,21
SEDFFTR,X4,RN,669,26
SEDFFTR,X4,Q,733,
TBUF,XL,A,229,22
TBUF,XL,OE,161,39
TBUF,XL,Y,,19
TBUF,X1,A,251,22
TBUF,X1,OE,168,41
TBUF,X1,Y,,24
TBUF,X2,A,338,31
TBUF,X2,OE,224,40
TBUF,X2,Y,,39
TBUF,X3,A,398,43
TBUF,X3,OE,278,41
TBUF,X3,Y,,36
TBUF,X4,A,506,57
TBUF,X4,OE,350,45
TBUF,X4,Y,,47
TBUF,X8,A,922,115
TBUF,X8,OE,690,66
TBUF,X8,Y,,93
TBUF,X12,A,1332,167
TBUF,X12,OE,970,95
TBUF,X12,Y,,137
TBUF,X16,A,1679,201
TBUF,X16,OE,1281,120
TBUF,X16,Y,,179
TBUF,X20,A,2168,264
TBUF,X20,OE,1596,151
TBUF,X20,Y,,222
TBUFI,XL,A,215,46
TBUFI,XL,OE,136,37
TBUFI,XL,Y,,31
TBUFI,X1,A,217,46
TBUFI,X1,OE,137,37
TBUFI,X1,Y,,31
TBUFI,X2,A,410,92
TBUFI,X2,OE,227,56
TBUFI,X2,Y,,37
TBUFI,X3,A,484,20
TBUFI,X3,OE,296,35
TBUFI,X3,Y,,37
TBUFI,X4,A,594,26
TBUFI,X4,OE,360,36
TBUFI,X4,Y,,43
TBUFI,X8,A,1079,46
TBUFI,X8,OE,675,49
TBUFI,X8,Y,,90
TBUFI,X12,A,1576,66
TBUFI,X12,OE,1014,70
TBUFI,X12,Y,,137
TBUFI,X16,A,1978,86
TBUFI,X16,OE,1300,86
TBUFI,X16,Y,,184
TBUFI,X20,A,2582,105
TBUFI,X20,OE,1732,110
TBUFI,X20,Y,,226
TLAT,XL,D,50,33
TLAT,XL,G,204,20
TLAT,XL,Q,311,
TLAT,X1,D,61,41
TLAT,X1,G,223,26
TLAT,X1,Q,362,
TLAT,X2,D,100,60
TLAT,X2,G,260,27
TLAT,X2,Q,642,
TLAT,X4,D,215,136
TLAT,X4,G,414,45
TLAT,X4,Q,1057,
TLATN,XL,D,51,34
TLATN,XL,GN,232,20
TLATN,XL,Q,342,
TLATN,X1,D,63,40
TLATN,X1,GN,259,25
TLATN,X1,Q,408,
TLATN,X2,D,100,61
TLATN,X2,GN,316,27
TLATN,X2,Q,697,
TLATN,X4,D,216,136
TLATN,X4,GN,552,45
TLATN,X4,Q,1133,
TLATNR,XL,D,35,26
TLATNR,XL,GN,259,20
TLATNR,XL,RN,39,38
TLATNR,XL,Q,373,
TLATNR,X1,D,42,31
TLATNR,X1,GN,275,20
TLATNR,X1,RN,42,40
TLATNR,X1,Q,455,
TLATNR,X2,D,75,52
TLATNR,X2,GN,351,24
TLATNR,X2,RN,53,51
TLATNR,X2,Q,745,
TLATNR,X4,D,144,98
TLATNR,X4,GN,585,36
TLATNR,X4,RN,71,68
TLATNR,X4,Q,1233,
TLATNS,XL,D,40,26
TLATNS,XL,GN,247,21
TLATNS,XL,SN,142,19
TLATNS,XL,Q,468,
TLATNS,X1,D,49,31
TLATNS,X1,GN,264,26
TLATNS,X1,SN,146,19
TLATNS,X1,Q,538,
TLATNS,X2,D,83,49
TLATNS,X2,GN,310,27
TLATNS,X2,SN,158,25
TLATNS,X2,Q,854,
TLATNS,X4,D,152,91
TLATNS,X4,GN,449,39
TLATNS,X4,SN,220,37
TLATNS,X4,Q,1365,
TLATNSR,XL,D,39,28
TLATNSR,XL,GN,254,20
TLATNSR,XL,SN,161,20
TLATNSR,XL,RN,48,38
TLATNSR,XL,Q,504,
TLATNSR,X1,D,48,33
TLATNSR,X1,GN,266,26
TLATNSR,X1,SN,177,25
TLATNSR,X1,RN,56,42
TLATNSR,X1,Q,596,
TLATNSR,X2,D,81,51
TLATNSR,X2,GN,341,28
TLATNSR,X2,SN,236,39
TLATNSR,X2,RN,96,60
TLATNSR,X2,Q,967,
TLATNSR,X4,D,164,109
TLATNSR,X4,GN,611,41
TLATNSR,X4,SN,445,66
TLATNSR,X4,RN,186,108
TLATNSR,X4,Q,1593,
TLATR,XL,D,33,25
TLATR,XL,G,250,20
TLATR,XL,RN,40,38
TLATR,XL,Q,289,
TLATR,X1,D,39,31
TLATR,X1,G,255,21
TLATR,X1,RN,40,39
TLATR,X1,Q,377,
TLATR,X2,D,74,52
TLATR,X2,G,292,24
TLATR,X2,RN,52,51
TLATR,X2,Q,693,
TLATR,X4,D,145,99
TLATR,X4,G,505,38
TLATR,X4,RN,73,69
TLATR,X4,Q,1238,
TLATS,XL,D,40,26
TLATS,XL,G,257,21
TLATS,XL,SN,143,20
TLATS,XL,Q,386,
TLATS,X1,D,49,31
TLATS,X1,G,268,27
TLATS,X1,SN,146,19
TLATS,X1,Q,427,
TLATS,X2,D,84,50
TLATS,X2,G,292,27
TLATS,X2,SN,158,25
TLATS,X2,Q,759,
TLATS,X4,D,152,91
TLATS,X4,G,374,40
TLATS,X4,SN,221,37
TLATS,X4,Q,1316,
TLATSR,XL,D,39,28
TLATSR,XL,G,278,20
TLATSR,XL,SN,161,20
TLATSR,XL,RN,47,38
TLATSR,XL,Q,426,
TLATSR,X1,D,48,33
TLATSR,X1,G,278,25
TLATSR,X1,SN,178,25
TLATSR,X1,RN,56,42
TLATSR,X1,Q,510,
TLATSR,X2,D,81,51
TLATSR,X2,G,296,28
TLATSR,X2,SN,239,39
TLATSR,X2,RN,95,60
TLATSR,X2,Q,904,
TLATSR,X4,D,164,109
TLATSR,X4,G,520,41
TLATSR,X4,SN,447,67
TLATSR,X4,RN,185,109
TLATSR,X4,Q,1524,
TTLAT,XL,D,49,34
TTLAT,XL,G,238,20
TTLAT,XL,OE,340,25
TTLAT,XL,Q,261,20
TTLAT,X1,D,99,61
TTLAT,X1,G,245,26
TTLAT,X1,OE,571,32
TTLAT,X1,Q,571,43
TTLAT,X2,D,186,113
TTLAT,X2,G,372,41
TTLAT,X2,OE,1055,55
TTLAT,X2,Q,1060,47
TTLAT,X4,D,187,113
TTLAT,X4,G,525,67
TTLAT,X4,OE,1668,97
TTLAT,X4,Q,1575,89
XNOR2,XL,A,349,58
XNOR2,XL,B,357,21
XNOR2,X1,A,378,54
XNOR2,X1,B,512,64
XNOR2,X2,A,641,85
XNOR2,X2,B,995,141
XNOR2,X4,A,1150,152
XNOR2,X4,B,1814,266
XOR2,XL,A,345,58
XOR2,XL,B,344,22
XOR2,X1,A,355,54
XOR2,X1,B,487,64
XOR2,X2,A,612,84
XOR2,X2,B,987,141
XOR2,X4,A,1054,162
XOR2,X4,B,1681,266
